Date,AAPL,TSLA,SMA_AAPL,SMA_TSLA
2019-01-02,38.38222885131836,62.02399826049805,,
2019-01-03,34.559078216552734,60.071998596191406,,
2019-01-04,36.03437042236328,63.53799819946289,,
2019-01-07,35.95417022705078,66.99199676513672,,
2019-01-08,36.639564514160156,67.06999969482422,,
2019-01-09,37.26177215576172,67.70600128173828,,
2019-01-10,37.38086700439453,68.99400329589844,,
2019-01-11,37.01386260986328,69.4520034790039,,
2019-01-14,36.4572868347168,66.87999725341797,,
2019-01-15,37.20344161987305,68.88600158691406,,
2019-01-16,37.65793991088867,69.20999908447266,,
2019-01-17,37.88154220581055,69.46199798583984,,
2019-01-18,38.114871978759766,60.45199966430664,,
2019-01-22,37.25934600830078,59.784000396728516,,
2019-01-23,37.410030364990234,57.518001556396484,,
2019-01-24,37.11351776123047,58.301998138427734,,
2019-01-25,38.34333038330078,59.40800094604492,,
2019-01-28,37.98849105834961,59.2760009765625,,
2019-01-29,37.59475326538086,59.492000579833984,,
2019-01-30,40.16376876831055,61.75400161743164,,
2019-01-31,40.453006744384766,61.40399932861328,,
2019-02-01,40.472450256347656,62.44200134277344,,
2019-02-04,41.6220588684082,62.577999114990234,,
2019-02-05,42.334197998046875,64.2699966430664,,
2019-02-06,42.348777770996094,63.444000244140625,,
2019-02-07,41.54671859741211,61.50199890136719,,
2019-02-08,41.59553527832031,61.15999984741211,,
2019-02-11,41.356327056884766,62.56800079345703,,
2019-02-12,41.71270751953125,62.36199951171875,38.60648307800293,63.48539975484212
2019-02-13,41.53939437866211,61.63399887084961,38.71318028767904,63.32119979858398
2019-02-14,41.690738677978516,60.75400161743164,38.823463948567706,63.278866577148435
2019-02-15,41.59797286987305,61.57600021362305,39.05809377034505,63.32899996439616
2019-02-19,41.72246551513672,61.12799835205078,39.24769694010417,63.24866663614909
2019-02-20,41.990966796875,60.512001037597656,39.44892349243164,63.032666778564455
2019-02-21,41.75419616699219,58.24599838256836,39.61941121419271,62.738533401489256
2019-02-22,42.22041702270508,58.94200134277344,39.78469937642415,62.44640007019043
2019-02-25,42.5279655456543,59.75400161743164,39.95626932779948,62.13840001424153
2019-02-26,42.55237579345703,59.571998596191406,40.14088643391927,61.80906651814779
2019-02-27,42.68418502807617,62.948001861572266,40.34844970703125,61.67800000508626
2019-02-28,42.26435089111328,63.97600173950195,40.51714668273926,61.51433334350586
2019-03-01,42.70859909057617,58.95800018310547,40.68550198872884,61.17260004679362
2019-03-04,42.92338943481445,57.071998596191406,40.85356356302897,60.75960006713867
2019-03-05,42.84527587890625,55.30799865722656,41.011243693033855,60.58813336690267
2019-03-06,42.5987548828125,55.24800109863281,41.18922398885091,60.43693339029948
2019-03-07,42.105690002441406,55.31800079345703,41.34574597676595,60.36360003153483
2019-03-08,42.20576477050781,56.827999114990234,41.51548754374186,60.31446673075358
2019-03-11,43.66787338256836,58.183998107910156,41.692972310384114,60.27366663614909
2019-03-12,44.15849685668945,56.672000885009766,41.89863917032878,60.18686663309733
2019-03-13,44.353763580322266,57.79199981689453,42.123939514160156,60.13019994099935
2019-03-14,44.84682083129883,57.992000579833984,42.2800412495931,60.004799906412764
2019-03-15,45.43020248413086,55.08599853515625,42.4459477742513,59.79419987996419
2019-03-18,45.89398193359375,53.89799880981445,42.62666549682617,59.509399795532225
2019-03-19,45.53028869628906,53.49399948120117,42.7569398244222,59.20659980773926
2019-03-20,45.92815399169922,54.720001220703125,42.87673835754394,58.88826662699382
2019-03-21,47.61970138549805,54.80400085449219,43.052435811360674,58.60026664733887
2019-03-22,46.633575439453125,52.90599822998047,43.22199770609538,58.31373329162598
2019-03-25,46.06971740722656,52.08399963378906,43.371137110392254,58.011199951171875
2019-03-26,45.593746185302734,53.55400085449219,43.51238441467285,57.710733286539714
2019-03-27,46.003822326660156,54.965999603271484,43.655421574910484,57.464199956258135
2019-03-28,46.064842224121094,55.7239990234375,43.806269836425784,57.2671999613444
2019-03-29,46.365074157714844,55.97200012207031,43.96208101908366,57.10779991149902
2019-04-01,46.67995834350586,57.83599853515625,44.13148053487142,56.983133188883464
2019-04-02,47.358524322509766,57.17599868774414,44.319349161783855,56.85139986673991
2019-04-03,47.683170318603516,58.36199951171875,44.5090892791748,56.779733149210614
2019-04-04,47.766151428222656,53.555999755859375,44.70948778788249,56.623399861653645
2019-04-05,48.085914611816406,54.992000579833984,44.9050043741862,56.491733169555665
2019-04-08,48.84260559082031,54.63999938964844,45.11549237569173,56.321266428629556
2019-04-09,48.69614791870117,54.46200180053711,45.32028477986653,56.150933202107744
2019-04-10,48.96952438354492,55.21200180053711,45.5297960917155,55.893066533406575
2019-04-11,48.561893463134766,53.683998107910156,45.73971417744954,55.54999974568685
2019-04-12,48.5423583984375,53.540000915527344,45.934172821044925,55.36939977010091
2019-04-15,48.63023376464844,53.2760009765625,46.12440096537272,55.24286651611328
2019-04-16,48.6351203918457,54.672000885009766,46.317395782470705,55.22166659037272
2019-04-17,49.58219528198242,54.24599838256836,46.5501771291097,55.18826649983724
2019-04-18,49.76038360595703,54.652000427246094,46.80533358256022,55.16606648763021
2019-04-22,49.923919677734375,52.54999923706055,47.062605412801105,55.02346649169922
2019-04-23,50.64399337768555,52.779998779296875,47.29514274597168,54.84333318074544
2019-04-24,50.56588363647461,51.731998443603516,47.50872230529785,54.67866643269857
2019-04-25,50.106990814208984,49.5260009765625,47.70049654642741,54.403133138020834
2019-04-26,49.86777877807617,47.02799987792969,47.86786181131999,54.037666447957356
2019-04-29,49.94344711303711,48.29399871826172,48.018303298950194,53.81126645406087
2019-04-30,48.981727600097656,47.737998962402344,48.12122815450032,53.6059331258138
2019-05-01,51.38602828979492,46.801998138427734,48.316419474283855,53.38286641438802
2019-05-02,51.05161666870117,48.81999969482422,48.48720156351725,53.18619969685872
2019-05-03,51.686256408691406,51.00600051879883,48.6227533976237,53.05959968566894
2019-05-06,50.888084411621094,51.06800079345703,48.76457036336263,52.9983331044515
2019-05-07,49.51628875732422,49.4119987487793,48.87945607503255,52.9092664082845
2019-05-08,49.52604675292969,48.96799850463867,49.010532760620116,52.756399663289386
2019-05-09,48.99393081665039,48.395999908447266,49.11020304361979,52.53739967346191
2019-05-10,48.31520462036133,47.90399932861328,49.185215123494466,52.276733016967775
2019-05-13,45.507144927978516,45.402000427246094,49.15661748250326,51.92439969380697
2019-05-14,46.227535247802734,46.46200180053711,49.141536712646484,51.545266469319664
2019-05-15,46.78129959106445,46.38999938964844,49.12229588826497,51.18573315938314
2019-05-16,46.57547378540039,45.66600036621094,49.08537267049154,50.76253318786621
2019-05-17,46.310848236083984,42.20600128173828,49.03686256408692,50.384199905395505
2019-05-20,44.86271667480469,41.071998596191406,48.92942263285319,49.92019983927409
2019-05-21,45.72277069091797,41.01599884033203,48.82542813618978,49.46606648763021
2019-05-22,44.78675842285156,38.54600143432617,48.695115152994795,48.935533142089845
2019-05-23,44.02225875854492,39.097999572753906,48.530206298828126,48.39839973449707
2019-05-24,43.85318374633789,38.125999450683594,48.37324930826823,47.87979977925618
2019-05-28,43.6718635559082,37.7400016784668,48.21089948018392,47.35313313802083
2019-05-29,43.463584899902344,37.97200012207031,48.03867785135905,46.84299977620443
2019-05-30,43.68901443481445,37.64400100708008,47.87380765279134,46.27539978027344
2019-05-31,42.8975715637207,37.03200149536133,47.65098686218262,45.7015998840332
2019-06-03,42.4638671875,35.79399871826172,47.40776964823405,45.07299982706706
2019-06-04,44.01735305786133,38.720001220703125,47.21088409423828,44.611999893188475
2019-06-05,44.72793960571289,39.31800079345703,47.01368230183919,44.16326662699382
2019-06-06,45.38462448120117,41.189998626708984,46.840973663330075,43.81186663309733
2019-06-07,46.59263229370117,40.900001525878906,46.723828379313154,43.52433331807455
2019-06-10,47.18806076049805,42.57600021362305,46.63450444539388,43.37593332926432
2019-06-11,47.734474182128906,43.41999816894531,46.5608720143636,43.21346664428711
2019-06-12,47.58255386352539,41.85200119018555,46.5142328898112,43.01726671854655
2019-06-13,47.572757720947266,42.78200149536133,46.38712387084961,42.883266830444335
2019-06-14,47.227264404296875,42.98400115966797,46.25964546203613,42.68873354593913
2019-06-17,47.5090446472168,45.00600051879883,46.12040506998698,42.48873354593913
2019-06-18,48.62639617919922,44.948001861572266,46.04501546223958,42.284733581542966
2019-06-19,48.48426818847656,45.2859992980957,46.01061477661133,42.14720026652018
2019-06-20,48.87387466430664,43.92399978637695,45.98887570699056,41.97906697591146
2019-06-21,48.70724868774414,44.37200164794922,45.97931963602702,41.844933700561526
2019-06-24,48.65824508666992,44.72800064086914,45.99075431823731,41.73906707763672
2019-06-25,47.92070388793945,43.95199966430664,46.07120628356934,41.69073371887207
2019-06-26,48.957183837890625,43.854000091552734,46.1621945699056,41.60380032857259
2019-06-27,48.94247817993164,44.56800079345703,46.23423385620117,41.54306704203288
2019-06-28,48.49652099609375,44.69200134277344,46.298268763224286,41.5106004079183
2019-07-01,49.385982513427734,45.433998107910156,46.400773239135745,41.61820030212402
2019-07-02,49.67512130737305,44.90999984741211,46.56118672688802,41.746133677164714
2019-07-03,50.08677673339844,46.97999954223633,46.7066535949707,41.94493370056152
2019-07-05,50.042667388916016,46.619998931884766,46.88185056050619,42.214066950480145
2019-07-08,49.011085510253906,46.06800079345703,47.04814478556315,42.44640032450358
2019-07-09,49.31003189086914,46.012001037597656,47.23003972371419,42.70926704406738
2019-07-10,49.797630310058594,47.784000396728516,47.43423194885254,43.044067001342775
2019-07-11,49.43499755859375,47.720001220703125,47.63327903747559,43.3690003712972
2019-07-12,49.81478500366211,49.01599884033203,47.837471389770506,43.748066965738936
2019-07-15,50.282806396484375,50.70000076293945,48.08364588419597,44.20366694132487
2019-07-16,50.10882568359375,50.47600173950195,48.338477834065756,44.69306704203288
2019-07-17,49.82704544067383,50.97200012207031,48.532134246826175,45.101467005411784
2019-07-18,50.393062591552734,50.70800018310547,48.7209716796875,45.4811336517334
2019-07-19,49.64081573486328,51.63600158691406,48.862844721476236,45.8293337504069
2019-07-22,50.775306701660156,51.13600158691406,49.00226720174154,46.17053375244141
2019-07-23,51.17226028442383,52.034000396728516,49.135073852539065,46.485800425211586
2019-07-24,51.13059997558594,52.97600173950195,49.248278045654295,46.80433387756348
2019-07-25,50.7263069152832,45.763999938964844,49.35306981404622,46.93473383585612
2019-07-26,50.90272521972656,45.608001708984375,49.4640687306722,47.02893384297689
2019-07-29,51.37807846069336,47.15399932861328,49.60242919921875,47.167933781941734
2019-07-30,51.157562255859375,48.45199966430664,49.72404645284017,47.28280042012533
2019-07-31,52.201385498046875,48.321998596191406,49.84321276346842,47.395266977945965
2019-08-01,51.07179260253906,46.77000045776367,49.92946357727051,47.44473368326823
2019-08-02,49.991214752197266,46.86800003051758,49.966708246866865,47.542867024739586
2019-08-05,47.37428665161133,45.66400146484375,49.922276178995766,47.585933685302734
2019-08-06,48.27109146118164,46.150001525878906,49.90937105814616,47.63333371480306
2019-08-07,48.770957946777344,46.683998107910156,49.937712860107425,47.72440032958984
2019-08-08,49.846641540527344,47.65999984741211,49.96736145019531,47.85126698811849
2019-08-09,49.43588638305664,47.00199890136719,49.98380839029948,47.93240025838216
2019-08-12,49.31044387817383,45.801998138427734,50.01093915303548,47.96940015157064
2019-08-13,51.39866638183594,47.0,50.07802861531575,48.0216002146403
2019-08-14,49.868778228759766,43.92399978637695,50.08448384602865,47.98873354593913
2019-08-15,49.620357513427734,43.12799835205078,50.06893653869629,47.86033350626628
2019-08-16,50.7911376953125,43.987998962402344,50.093885548909505,47.772600173950195
2019-08-19,51.738094329833984,45.36600112915039,50.18478584289551,47.749200185139976
2019-08-20,51.74055480957031,45.172000885009766,50.26580327351888,47.721200180053714
2019-08-21,52.30134582519531,44.16600036621094,50.34926045735677,47.600600179036455
2019-08-22,52.25707244873047,44.43000030517578,50.443329620361325,47.49093348185222
2019-08-23,49.84172439575195,42.279998779296875,50.444227600097655,47.26640014648437
2019-08-26,50.78867721557617,43.0,50.46108996073405,47.00973345438639
2019-08-27,50.21558380126953,42.816001892089844,50.46464856465658,46.75440012613932
2019-08-28,50.55255126953125,43.11800003051758,50.48883209228516,46.49260012308756
2019-08-29,51.408504486083984,44.34199905395508,50.5226801554362,46.280400085449216
2019-08-30,51.34209060668945,45.12200164794922,50.579389317830405,46.06326675415039
2019-09-03,50.59436798095703,45.00199890136719,50.5733580271403,45.8587999979655
2019-09-04,51.45277404785156,44.13600158691406,50.58270848592122,45.59553337097168
2019-09-05,52.45875549316406,45.91600036621094,50.62698033650716,45.36019999186198
2019-09-06,52.45383834838867,45.4900016784668,50.68456471761068,45.351066716512044
2019-09-09,52.67766571044922,46.358001708984375,50.74372940063476,45.37606671651204
2019-09-10,53.29994201660156,47.108001708984375,50.807791519165036,45.37453346252441
2019-09-11,54.99462127685547,49.41999816894531,50.93569348653158,45.4068000793457
2019-09-12,54.871639251708984,49.17399978637695,51.02470194498698,45.43520011901855
2019-09-13,53.80416488647461,49.040000915527344,51.11578102111817,45.51086680094401
2019-09-16,54.08702850341797,48.5620002746582,51.25230814615885,45.5673334757487
2019-09-17,54.28379821777344,48.95800018310547,51.48262519836426,45.67713343302409
2019-09-18,54.792930603027344,48.698001861572266,51.70001983642578,45.7620667775472
2019-09-19,54.347747802734375,49.31999969482422,51.885912831624346,45.849933497111
2019-09-20,53.553287506103516,48.124000549316406,52.009467697143556,45.86540018717448
2019-09-23,53.79678726196289,48.24599838256836,52.15483105977376,45.90686683654785
2019-09-24,53.540985107421875,44.641998291015625,52.2958491007487,45.86820017496745
2019-09-25,54.364967346191406,45.7400016784668,52.39472579956055,45.82620023091634
2019-09-26,54.08456802368164,48.512001037597656,52.53525212605794,45.97913360595703
2019-09-27,53.82139205932617,48.42599868774414,52.675286610921226,46.15573361714681
2019-09-30,55.08809280395508,48.17399978637695,52.818518447875974,46.295266977945964
2019-10-01,55.2405891418457,48.9379997253418,52.935268274943034,46.41433359781901
2019-10-02,53.85581970214844,48.625999450683594,53.00577710469564,46.52946688334147
2019-10-03,54.31331253051758,46.60599899291992,53.07284266153972,46.610800170898436
2019-10-04,55.835811614990234,46.2859992980957,53.19213396708171,46.67266680399577
2019-10-07,55.84811782836914,47.54399871826172,53.39234708150228,46.84813346862793
2019-10-08,55.19385528564453,48.0099983215332,53.53918635050456,47.015133412679035
2019-10-09,55.84073257446289,48.90599822998047,53.726691309611006,47.218133290608726
2019-10-10,56.593379974365234,48.948001861572266,53.928052266438804,47.41246668497721
2019-10-11,58.09866714477539,49.577999114990234,54.151057688395184,47.58700002034505
2019-10-14,58.01502990722656,51.391998291015625,54.37348899841309,47.795999908447264
2019-10-15,57.8797607421875,51.577999114990234,54.61633542378743,48.01519991556803
2019-10-16,57.646095275878906,51.95000076293945,54.82277946472168,48.27566655476888
2019-10-17,57.86991500854492,52.39400100708008,55.003151448567706,48.49159990946452
2019-10-18,58.147865295410156,51.38999938964844,55.19295234680176,48.68826649983724
2019-10-21,59.15630340576172,50.70000076293945,55.40890693664551,48.832999801635744
2019-10-22,59.02102279663086,51.11600112915039,55.59960962931315,48.966599782307945
2019-10-23,59.81302261352539,50.93600082397461,55.76022300720215,49.017133204142254
2019-10-24,59.91140365600586,59.93600082397461,55.928215154012044,49.37586657206217
2019-10-25,60.6492919921875,65.6259994506836,56.156386057535805,49.92873318990072
2019-10-28,61.25681686401367,65.54199981689453,56.395379002888994,50.49473317464193
2019-10-29,59.84008026123047,63.24399948120117,56.58058840433757,50.97093315124512
2019-10-30,59.83269500732422,63.00199890136719,56.74858055114746,51.447733052571614
2019-10-31,61.18548583984375,62.98400115966797,56.97650515238444,51.90319976806641
2019-11-01,62.92198181152344,62.6619987487793,57.288794962565106,52.387799708048504
2019-11-04,63.3351936340332,63.49399948120117,57.60674184163411,52.896066411336264
2019-11-05,63.24419403076172,63.444000244140625,57.930182139078774,53.522799809773765
2019-11-06,63.27124786376953,65.31600189208984,58.22705815633138,54.175333150227864
2019-11-07,64.00148010253906,67.10800170898438,58.55762189229329,54.79519983927409
2019-11-08,64.1766357421875,67.4280014038086,58.902796681722,55.42859992980957
2019-11-11,64.6848373413086,69.01799774169922,59.22268816630046,56.123399861653645
2019-11-12,64.62561798095703,69.98600006103516,59.5355224609375,56.82499987284343
2019-11-13,65.24484252929688,69.22200012207031,59.915156555175784,57.51153322855632
2019-11-14,64.79338836669922,69.87000274658203,60.264492416381835,58.287000020345054
2019-11-15,65.56309509277344,70.43399810791016,60.58873519897461,59.09193331400554
2019-11-18,65.89366912841797,69.99800109863281,60.92358690897624,59.840400060017906
2019-11-19,65.69384002685547,71.90399932861328,61.273586400349934,60.63686676025391
2019-11-20,64.92906951904297,70.44400024414062,61.57653096516927,61.35480016072591
2019-11-21,64.63796997070312,70.96600341796875,61.8446839650472,62.08873354593913
2019-11-22,64.58121490478516,66.60800170898438,62.06076889038086,62.65640029907227
2019-11-25,65.71356964111328,67.26799774169922,62.317386881510416,63.18560028076172
2019-11-26,65.20044708251953,65.78399658203125,62.56140975952148,63.65913352966309
2019-11-27,66.07623291015625,66.25800323486328,62.84241434733073,64.13606694539388
2019-11-29,65.9306640625,65.98799896240234,63.11110598246257,64.58920021057129
2019-12-02,65.16836547851562,66.9739990234375,63.34512265523275,65.10866686503093
2019-12-03,64.00641632080078,67.23999786376953,63.50679308573405,65.66000010172526
2019-12-04,64.57135009765625,66.60600280761719,63.69180399576823,66.17633349100748
2019-12-05,65.51866149902344,66.0739974975586,63.881991958618165,66.68093338012696
2019-12-06,66.78425598144531,67.1780014038086,64.11108703613282,66.92233339945476
2019-12-09,65.8492660522461,67.90599822998047,64.28441950480143,66.99833335876465
2019-12-10,66.2341079711914,69.76799774169922,64.45032920837403,67.13919995625814
2019-12-11,66.79905700683594,70.54000091552734,64.6822950998942,67.38240000406901
2019-12-12,66.96929168701172,71.93599700927734,64.9201816558838,67.68019994099934
2019-12-13,67.87960052490234,71.6780014038086,65.14331881205241,67.96999994913737
2019-12-16,69.04155731201172,76.30000305175781,65.34730466206868,68.42460009256999
2019-12-17,69.17726135253906,75.7979965209961,65.54204025268555,68.83473332722981
2019-12-18,69.01195526123047,78.62999725341797,65.73429896036784,69.34093322753907
2019-12-19,69.08103942871094,80.80799865722656,65.92795867919922,69.85733311971029
2019-12-20,68.93795013427734,81.11799621582031,66.09250768025716,70.32433293660482
2019-12-23,70.06290435791016,83.84400177001953,66.28871663411458,70.87153294881185
2019-12-24,70.1295166015625,85.05000305175781,66.47020594278972,71.4059331258138
2019-12-26,71.52090454101562,86.18800354003906,66.700048828125,71.94599990844726
2019-12-27,71.49375915527344,86.07599639892578,66.90834604899088,72.50779978434245
2019-12-30,71.91808319091797,82.94000244140625,67.14583587646484,72.94346644083659
2019-12-31,72.44355773925781,83.66600036621094,67.37518463134765,73.38453318277995
2020-01-02,74.09644317626953,86.052001953125,67.6486104329427,73.91966654459635
2020-01-03,73.37608337402344,88.60199737548828,67.90468521118164,74.47626647949218
2020-01-06,73.96076965332031,90.30799865722656,68.20574188232422,75.13839975992839
2020-01-07,73.61293029785156,93.81199645996094,68.5049072265625,75.89993286132812
2020-01-08,74.79708099365234,98.4280014038086,68.8454360961914,76.96059951782226
2020-01-09,76.38583374023438,96.26799774169922,69.20117823282878,77.92726618448893
2020-01-10,76.55851745605469,95.62999725341797,69.57978057861328,78.92213287353516
2020-01-13,78.19414520263672,104.97200012207031,69.98371098836263,80.21259943644206
2020-01-14,77.13825988769531,107.58399963378906,70.35729751586913,81.59913279215495
2020-01-15,76.80770111083984,103.69999694824219,70.74527537027994,82.82333272298177
2020-01-16,77.76982116699219,102.697998046875,71.20405553181966,84.00526606241861
2020-01-17,78.63081359863281,102.0999984741211,71.67270431518554,85.18839925130209
2020-01-21,78.09793853759766,109.44000244140625,72.09201354980469,86.63393274943034
2020-01-22,78.37671661376953,113.91200256347656,72.47842890421549,88.19173278808594
2020-01-23,78.75415802001953,114.44000244140625,72.90859196980794,89.74286626180013
2020-01-24,78.5271987915039,112.96399688720703,73.31836166381837,91.18273289998372
2020-01-27,76.21807861328125,111.60399627685547,73.63232905069987,92.55153274536133
2020-01-28,78.37423706054688,113.37999725341797,74.01249389648437,93.93299942016601
2020-01-29,80.01480102539062,116.197998046875,74.41700057983398,95.41699930826823
2020-01-30,79.89884948730469,128.16200256347656,74.77891031901042,97.14573262532552
2020-01-31,76.3562240600586,130.11399841308594,75.01820907592773,98.95626602172851
2020-02-03,76.14654541015625,156.0,75.25602874755859,101.53526611328125
2020-02-04,78.66041564941406,177.41200256347656,75.5753412882487,104.75539957682291
2020-02-05,79.30182647705078,146.94000244140625,75.92080383300781,106.94946645100912
2020-02-06,80.22943115234375,149.79200744628906,76.25968805948894,109.14773330688476
2020-02-07,79.13890075683594,149.61399841308594,76.56000086466472,111.2998664855957
2020-02-10,79.5147705078125,154.25599670410156,76.82646306355794,113.56879959106445
2020-02-11,79.03502655029297,154.87600708007812,77.07783864339193,115.8621332804362
2020-02-12,80.91194152832031,153.45799255371094,77.37763392130533,118.21273295084636
2020-02-13,80.33575439453125,160.8000030517578,77.6407071431478,120.78386637369792
2020-02-14,80.35554504394531,160.00599670410156,77.8493438720703,123.2489995320638
2020-02-18,78.88419342041016,171.67999267578125,78.0329475402832,126.01826604207356
2020-02-19,80.02664947509766,183.48399353027344,78.23514353434244,129.1241325378418
2020-02-20,79.20565795898438,179.8820037841797,78.42156778971354,131.9931327819824
2020-02-21,77.41283416748047,180.1999969482422,78.50875956217448,134.71886596679687
2020-02-24,73.7356948852539,166.75799560546875,78.4204216003418,137.06853256225585
2020-02-25,71.23809814453125,159.98199462890625,78.24307428995768,139.2135991414388
2020-02-26,72.36820983886719,155.75999450683594,78.0488764444987,140.90653228759766
2020-02-27,67.63762664794922,135.8000030517578,77.7321886698405,141.8470657348633
2020-02-28,67.59806060791016,133.59800720214844,77.42520065307617,142.84366607666016
2020-03-02,73.89148712158203,148.7239990234375,77.2959228515625,144.37786610921225
2020-03-03,71.54473876953125,149.1020050048828,77.05972035725911,145.94459966023763
2020-03-04,74.86331176757812,149.89999389648438,76.95189946492513,147.29326604207355
2020-03-05,72.43497467041016,144.9080047607422,76.75384140014648,148.32646611531575
2020-03-06,71.47303771972656,140.6959991455078,76.51113739013672,149.20166600545247
2020-03-09,65.82007598876953,121.5999984741211,76.08756663004557,149.4895327250163
2020-03-10,70.560546875,129.0659942626953,75.89898223876953,150.07159932454428
2020-03-11,68.10993957519531,126.84600067138672,75.55683898925781,150.52046610514324
2020-03-12,61.383766174316406,112.11000061035156,74.93580449422201,150.3841995239258
2020-03-13,68.73804473876953,109.3239974975586,74.56377766927083,149.75626602172852
2020-03-16,59.89510726928711,89.01399993896484,74.01507377624512,148.38626607259116
2020-03-17,62.5286979675293,86.04000091552734,73.56114552815755,146.05426610310872
2020-03-18,60.99800109863281,72.24400329589844,72.97239837646484,142.54866612752278
2020-03-19,60.53063201904297,85.52799987792969,72.34669189453125,140.5015993754069
2020-03-20,56.68781661987305,85.50599670410156,71.56197141011556,138.3587323506673
2020-03-23,55.48352813720703,86.85800170898438,70.77345898946126,136.26686579386393
2020-03-24,61.0499382019043,101.0,70.15796457926432,134.4916659037272
2020-03-25,60.713623046875,107.8499984741211,69.5472511291504,132.92413228352865
2020-03-26,63.90856170654297,105.63200378417969,68.98047180175782,131.3299326578776
2020-03-27,61.26259994506836,102.87200164794922,68.34469998677572,129.39899927775065
2020-03-30,63.01090621948242,100.4260025024414,67.76654535929362,127.41299947102864
2020-03-31,62.882320404052734,104.80000305175781,67.2331495920817,125.1836664835612
2020-04-01,59.573638916015625,96.31199645996094,66.55138257344564,122.27793324788412
2020-04-02,60.567726135253906,90.89399719238281,65.93011817932128,119.31166636149088
2020-04-03,59.6972770690918,96.00199890136719,65.339599609375,116.50506642659505
2020-04-06,64.90511322021484,103.24800109863281,65.04524688720703,114.38806660970052
2020-04-07,64.15337371826172,109.08999633789062,64.80908940633138,112.69166666666666
2020-04-08,65.79534912109375,109.76799774169922,64.58999404907226,111.15860010782878
2020-04-09,66.27012634277344,114.5999984741211,64.5444107055664,110.45193328857422
2020-04-13,67.57086181640625,130.19000244140625,64.54350407918294,110.33833312988281
2020-04-14,70.98339080810547,141.97799682617188,64.44656753540039,110.11346638997396
2020-04-15,70.33551025390625,145.96600341796875,64.4062599182129,110.0089330037435
2020-04-16,70.8943862915039,149.04200744628906,64.27396240234376,109.98033345540365
2020-04-17,69.93244171142578,150.7779998779297,64.19054463704427,110.17599995930989
2020-04-20,68.48087310791016,149.27200317382812,64.09080581665039,110.46186676025391
2020-04-21,66.3641128540039,137.343994140625,64.10894037882487,110.98666661580404
2020-04-22,68.27562713623047,146.4219970703125,64.03277638753255,111.56520004272461
2020-04-23,68.01103210449219,141.12600708007812,64.02947947184245,112.04120025634765
2020-04-24,69.97447204589844,145.02999877929688,64.31583633422852,113.13853352864584
2020-04-27,70.02394104003906,159.75,64.35869954427083,114.81940027872722
2020-04-28,68.88890075683594,153.82400512695312,64.65849266052246,116.97973378499348
2020-04-29,71.15155792236328,160.1020050048828,64.9459213256836,119.44846725463867
2020-04-30,72.65258026123047,156.37600708007812,65.33440729777018,122.252867380778
2020-05-01,71.4829330444336,140.26400756835938,65.69948399861654,124.07740097045898
2020-05-04,72.49432373046875,152.23800659179688,66.22636756896972,126.30180130004882
2020-05-05,73.58238220214844,153.64199829101562,66.82966270446778,128.52793451944987
2020-05-06,74.34153747558594,156.51600646972656,67.2727160135905,130.37846806844075
2020-05-07,75.11060333251953,156.00799560546875,67.75261535644532,131.98373463948568
2020-05-08,76.89836120605469,163.88400268554688,68.1856086730957,133.92546793619792
2020-05-11,78.10838317871094,162.25799560546875,68.74713478088378,135.90500106811524
2020-05-12,77.21574401855469,161.8820037841797,69.2206293741862,137.9535344441732
2020-05-13,76.2834243774414,158.19200134277344,69.66733283996582,139.73326772054037
2020-05-14,76.7520751953125,160.66600036621094,70.23994738260905,141.87840118408204
2020-05-15,76.29830932617188,159.83399963378906,70.76430015563965,144.17640126546223
2020-05-18,78.09599304199219,162.7259979248047,71.37759068806966,146.4005345662435
2020-05-19,77.64471435546875,161.6020050048828,71.80224405924479,148.34566802978514
2020-05-20,79.1547622680664,163.11199951171875,72.30229034423829,150.14640146891276
2020-05-21,78.56462097167969,165.52000427246094,72.72793273925781,152.00480168660482
2020-05-22,79.0704574584961,163.37600708007812,73.15461044311523,153.63066864013672
2020-05-26,78.53487396240234,163.7740020751953,73.52007751464843,154.75013529459636
2020-05-27,78.87703704833984,164.04600524902344,73.78319905598958,155.48573557535806
2020-05-28,78.91175079345703,161.16200256347656,74.06907374064127,155.99226888020834
2020-05-29,78.83489990234375,167.0,74.33375752766928,156.5908686319987
2020-06-01,79.80439758300781,179.6199951171875,74.66282272338867,157.5522684733073
2020-06-02,80.17384338378906,176.31199645996094,75.0525883992513,158.45360158284504
2020-06-03,80.6152114868164,176.5919952392578,75.52762502034506,159.76186828613282
2020-06-04,79.92094421386719,172.87600708007812,75.91580225626628,160.64366861979167
2020-06-05,82.19717407226562,177.1320037841797,76.38867365519205,161.8438685099284
2020-06-08,82.68315124511719,189.98399353027344,76.81229629516602,163.34233500162762
2020-06-09,85.29412841796875,188.13400268554688,77.32130254109701,164.28846842447916
2020-06-10,87.48853302001953,205.00999450683594,77.94129028320313,165.99466807047526
2020-06-11,83.28816986083984,194.5679931640625,78.34584401448568,167.1435343424479
2020-06-12,84.00723266601562,187.05599975585938,78.72433242797851,168.16620076497395
2020-06-15,85.04617309570312,198.17999267578125,79.1764404296875,170.09673360188802
2020-06-16,87.30008697509766,196.42599487304688,79.66996587117514,171.56966654459634
2020-06-17,87.1785888671875,198.35800170898438,80.12317276000977,173.060199991862
2020-06-18,87.21330261230469,200.79200744628906,80.55223159790039,174.53606669108072
2020-06-19,86.71490478515625,200.17999267578125,80.93904164632161,176.0084665934245
2020-06-22,88.98370361328125,198.86399841308594,81.34188639322916,177.17446645100912
2020-06-23,90.8830337524414,200.3560028076172,81.76770807902018,178.44440002441405
2020-06-24,89.27877044677734,192.1699981689453,82.16980895996093,179.4539998372396
2020-06-25,90.46399688720703,197.1959991455078,82.64249471028646,180.75413309733074
2020-06-26,87.68441772460938,191.947998046875,83.00690612792968,181.79686635335287
2020-06-29,89.70525360107422,201.8699951171875,83.45380427042643,183.19806620279948
2020-06-30,90.4540786743164,215.96200561523438,83.86574045817058,184.97259979248048
2020-07-01,90.2829818725586,223.92599487304688,84.28701604207357,187.05006612141926
2020-07-02,90.2829818725586,241.73199462890625,84.65795669555663,189.6707326253255
2020-07-06,92.69807434082031,274.3160095214844,85.12907180786132,193.2972661336263
2020-07-07,92.41043853759766,277.97198486328125,85.57373784383138,197.11713205973308
2020-07-08,94.56269073486328,273.1759948730469,86.10799840291341,200.76386515299478
2020-07-09,94.96934509277344,278.8559875488281,86.6444086710612,204.5908645629883
2020-07-10,95.1354751586914,308.92999267578125,87.18519948323568,209.51646423339844
2020-07-13,94.69659423828125,299.4119873046875,87.71392262776693,213.9301971435547
2020-07-14,96.263671875,303.3599853515625,88.26256510416667,218.05486348470052
2020-07-15,96.92570495605469,309.2019958496094,88.82096048990886,222.48453013102213
2020-07-16,95.73303985595703,300.12799072265625,89.32488810221354,226.6023966471354
2020-07-17,95.53963470458984,300.1679992675781,89.84551111857097,230.84546305338543
2020-07-20,97.55303192138672,328.6000061035156,90.357373046875,235.89439646402994
2020-07-21,96.2066421508789,313.6719970703125,90.80815607706705,240.01732991536457
2020-07-22,96.4769058227539,318.46600341796875,91.18091532389323,244.36172993977866
2020-07-23,92.08562469482422,302.614013671875,91.33415171305339,247.61519724527994
2020-07-24,91.85750579833984,283.3999938964844,91.61979624430339,250.57626393636068
2020-07-27,94.03453826904297,307.9200134277344,91.9540397644043,254.60506439208984
2020-07-28,92.48978424072266,295.2980041503906,92.20216013590495,257.8423314412435
2020-07-29,94.26265716552734,299.8219909667969,92.43424580891927,261.2888646443685
2020-07-30,95.40326690673828,297.49798583984375,92.70840174357096,264.5935307820638
2020-07-31,105.39090728759766,286.1520080566406,93.31432189941407,267.43886413574216
2020-08-03,108.0465087890625,297.0,94.02537536621094,270.66619771321615
2020-08-04,108.76805877685547,297.3999938964844,94.6848538716634,273.9507308959961
2020-08-05,109.16229248046875,297.0039978027344,95.29416249593099,277.1723307291667
2020-08-06,112.97089385986328,297.9159851074219,96.08389994303386,280.6971969604492
2020-08-07,110.40242004394531,290.5419921875,96.74851404825846,283.80873006184896
2020-08-10,112.00709533691406,283.7139892578125,97.55926996866862,286.8675964355469
2020-08-11,108.67601013183594,274.87799072265625,98.191628519694,289.3011962890625
2020-08-12,112.28778839111328,310.9519958496094,98.91941884358724,292.467529296875
2020-08-13,114.2750015258789,324.20001220703125,99.71915283203126,295.80999654134115
2020-08-14,114.17316436767578,330.1419982910156,100.51549224853515,298.7569966634115
2020-08-17,113.87506866455078,367.12799072265625,101.22139205932618,301.85072937011716
2020-08-18,114.823974609375,377.4179992675781,101.96850992838542,305.1655965169271
2020-08-19,114.96804809570312,375.70599365234375,102.64868850708008,308.58326314290366
2020-08-20,117.5191421508789,400.3659973144531,103.40034840901693,312.6335968017578
2020-08-21,123.57518768310547,409.9960021972656,104.3483388264974,316.00246378580727
2020-08-24,125.05317687988281,402.8399963378906,105.36022491455078,319.45006408691404
2020-08-25,124.02728271484375,404.6679992675781,106.28567860921224,322.8269978841146
2020-08-26,125.71392822265625,430.6340026855469,107.24528605143229,326.8747314453125
2020-08-27,124.21109771728516,447.75,108.19455464680989,331.79546508789065
2020-08-28,124.00989532470703,442.67999267578125,109.14356333414713,336.5458648681641
2020-08-31,128.21534729003906,498.32000732421875,110.16564051310222,342.2031982421875
2020-09-01,133.32249450683594,475.04998779296875,111.40283559163412,347.58246459960935
2020-09-02,130.5602569580078,447.3699951171875,112.53894729614258,351.87926432291664
2020-09-03,120.10748291015625,407.0,113.47300923665365,355.3587972005208
2020-09-04,120.18698120117188,418.32000732421875,114.41732508341471,359.8561309814453
2020-09-08,112.0989990234375,330.2099914550781,115.01947377522787,360.59913024902346
2020-09-09,116.57023620605469,366.2799987792969,115.8221555074056,362.96519673665364
2020-09-10,112.76471710205078,371.3399963378906,116.43889083862305,365.34913024902346
2020-09-11,111.28424072265625,372.7200012207031,116.96825663248698,367.8565307617188
2020-09-14,114.62276458740234,419.6199951171875,117.27598520914714,372.305463663737
2020-09-15,114.80162048339844,449.760009765625,117.50115559895833,377.3974639892578
2020-09-16,111.41340637207031,441.760009765625,117.58933385213216,382.20946451822914
2020-09-17,109.63484954833984,423.42999267578125,117.60508575439454,386.4236643473307
2020-09-18,106.15721130371094,442.1499938964844,117.37796300252279,391.23146464029946
2020-09-21,109.37651062011719,449.3900146484375,117.34376602172851,396.5263987223307
2020-09-22,111.09544372558594,424.2300109863281,117.31337763468424,401.21026611328125
2020-09-23,106.43543243408203,380.3599853515625,117.23869171142579,404.72633260091146
2020-09-24,107.52840423583984,387.7900085449219,117.08004557291666,407.2875996907552
2020-09-25,111.56243896484375,407.3399963378906,116.98962682088217,410.0589324951172
2020-09-28,114.22531127929688,421.20001220703125,116.99136505126953,413.094199625651
2020-09-29,113.36087799072266,419.07000732421875,116.97422536214192,414.8256001790365
2020-09-30,115.06989288330078,429.010009765625,116.98242263793945,416.5453338623047
2020-10-01,116.04362487792969,448.1600036621094,117.01827519734701,418.96046752929686
2020-10-02,112.29772186279297,415.0899963378906,116.8442278544108,419.4512674967448
2020-10-05,115.75547790527344,425.67999267578125,116.58357086181641,419.97406717936195
2020-10-06,112.43682861328125,413.9800109863281,116.16302591959635,420.34540100097655
2020-10-07,114.34455871582031,425.29998779296875,115.84026845296223,421.0331339518229
2020-10-08,114.23526000976562,425.9200134277344,115.45764617919922,420.8760009765625
2020-10-09,116.22247314453125,434.0,115.19135869344076,420.41766764322915
2020-10-12,123.60499572753906,442.29998779296875,115.17786204020182,420.4050008138021
2020-10-13,120.3260726928711,446.6499938964844,114.91488622029622,418.6826670328776
2020-10-14,120.41551208496094,461.29998779296875,114.48465347290039,418.2243336995443
2020-10-15,119.93856811523438,448.8800048828125,114.13059717814127,418.27466735839846
2020-10-16,118.25936889648438,439.6700134277344,114.06899337768554,419.36366780598956
2020-10-19,115.23880004882812,430.8299865722656,113.90405400594075,419.7806671142578
2020-10-20,116.759033203125,421.94000244140625,114.059388478597,422.8383341471354
2020-10-21,116.12312316894531,422.6400146484375,114.04448471069335,424.7170013427734
2020-10-22,115.01026916503906,425.7900085449219,114.1193364461263,426.53200174967446
2020-10-23,114.30481719970703,420.6300048828125,114.22002232869467,428.1290018717448
2020-10-26,114.31475067138672,420.2799987792969,114.2097551981608,428.1510019938151
2020-10-27,115.85484313964844,424.67999267578125,114.2448626200358,427.31500142415365
2020-10-28,110.48934936523438,406.0199890136719,114.21406071980795,426.12366739908856
2020-10-29,114.58302307128906,410.8299865722656,114.37899983723959,425.70366719563805
2020-10-30,108.164306640625,388.0400085449219,114.44590301513672,423.9000010172526
2020-11-02,108.07488250732422,400.510009765625,114.40251541137695,422.2706675211588
2020-11-03,109.73420715332031,423.8999938964844,114.3571408589681,422.2596669514974
2020-11-04,114.21538543701172,420.9800109863281,114.61647262573243,423.61366780598956
2020-11-05,118.2693099975586,438.0899963378906,114.97450281778971,425.2903340657552
2020-11-06,118.13495635986328,429.95001220703125,115.19358673095704,426.04400126139325
2020-11-09,115.77603149414062,421.260009765625,115.24527740478516,426.04600118001304
2020-11-10,115.42766571044922,410.3599853515625,115.31417032877604,425.7556671142578
2020-11-11,118.93119812011719,417.1300048828125,115.44288050333658,425.3596669514974
2020-11-12,118.65251159667969,411.760009765625,115.52984339396158,424.1463338216146
2020-11-13,118.70227813720703,408.5,115.74332860310872,423.9266672770182
2020-11-16,119.73741912841797,408.0899963378906,115.87605997721354,423.3403340657552
2020-11-17,118.83167266845703,441.6099853515625,116.0892214457194,424.26133321126304
2020-11-18,117.47803497314453,486.6400146484375,116.19367065429688,426.306000773112
2020-11-19,118.0851821899414,499.2699890136719,116.32200139363607,428.7509999593099
2020-11-20,116.791259765625,489.6099853515625,116.34096094767253,430.6046661376953
2020-11-23,113.31758117675781,521.8499755859375,115.99804712931315,433.25633239746094
2020-11-24,114.63140869140625,555.3800048828125,115.80822499593098,436.8806660970052
2020-11-25,115.48738861083984,574.0,115.64395421346029,440.6373331705729
2020-11-27,116.04476165771484,585.760009765625,115.5141606648763,445.2
2020-11-30,118.4932632446289,567.5999755859375,115.52195714314779,449.4643320719401
2020-12-01,122.14610290527344,584.760009765625,115.75220057169597,454.5953328450521
2020-12-02,122.5044174194336,568.8200073242188,115.94371337890625,459.4913330078125
2020-12-03,122.36507415771484,593.3800048828125,116.15177841186524,465.182666015625
2020-12-04,121.67830657958984,599.0399780273438,116.3740463256836,470.9576649983724
2020-12-07,123.1712875366211,641.760009765625,116.66959533691406,478.3286651611328
2020-12-08,123.79833984375,649.8800048828125,116.98571497599283,485.98199869791665
2020-12-09,121.21049499511719,604.47998046875,117.16423670450847,491.97533162434894
2020-12-10,122.66366577148438,627.0700073242188,117.57004725138346,499.3436655680338
2020-12-11,121.83755493164062,609.989990234375,117.81186498006186,505.9823323567708
2020-12-14,121.21049499511719,639.8300170898438,118.24673792521159,514.3753326416015
2020-12-15,127.2819595336914,633.25,118.8869738260905,522.1333323160808
2020-12-16,127.21229553222656,622.77001953125,119.46957677205404,528.7623331705729
2020-12-17,128.09812927246094,655.9000244140625,119.93233489990234,536.5930002848307
2020-12-18,126.06768035888672,695.0,120.19228057861328,545.1566670735677
2020-12-21,127.63032531738281,649.8599853515625,120.50879287719727,552.4869995117188
2020-12-22,131.2632598876953,640.3400268554688,121.02503382364908,559.7896667480469
2020-12-23,130.34756469726562,645.97998046875,121.52236378987631,567.6436665852865
2020-12-24,131.3528289794922,661.77001953125,121.93641815185546,575.7983337402344
2020-12-28,136.05076599121094,663.6900024414062,122.51635996500652,584.1960001627605
2020-12-29,134.23927307128906,665.989990234375,123.03425979614258,592.7789998372396
2020-12-30,133.0946502685547,694.780029296875,123.47950083414713,602.3353342692058
2020-12-31,132.06947326660156,705.6699829101562,123.92076085408529,611.1373341878256
2021-01-04,128.80482482910156,729.77001953125,124.29832051595052,619.2416676839192
2021-01-05,130.39732360839844,735.1099853515625,124.70872522989909,627.1030008951823
2021-01-06,126.0079574584961,755.97998046875,125.01594848632813,635.9820007324219
2021-01-07,130.30775451660156,816.0399780273438,125.58228759765625,645.7883341471354
2021-01-08,131.43246459960938,880.02001953125,126.14232279459635,656.60966796875
2021-01-11,128.3768310546875,811.1900024414062,126.57197087605795,664.5160013834635
2021-01-12,128.19766235351562,849.4400024414062,126.97706756591796,673.3053344726562
2021-01-13,130.27789306640625,854.4099731445312,127.36988855997721,682.8656677246094
2021-01-14,128.3071746826172,845.0,127.575257619222,691.5403340657552
2021-01-15,126.54542541503906,826.1599731445312,127.70995788574218,700.1183329264323
2021-01-19,127.2322006225586,844.5499877929688,127.87219543457032,708.4906656901042
2021-01-20,131.41256713867188,850.4500122070312,128.19667078653973,716.8710001627604
2021-01-21,136.22991943359375,844.989990234375,128.6319585164388,723.645332845052
2021-01-22,138.41964721679688,846.6400146484375,129.1193354288737,730.2039998372396
2021-01-25,142.2516326904297,880.7999877929688,129.82070668538412,739.4146667480469
2021-01-26,142.4905242919922,883.0900268554688,130.48160196940105,747.9486673990885
2021-01-27,141.39566040039062,864.1599731445312,131.13353881835937,756.4210001627604
2021-01-28,136.4488983154297,835.4299926757812,131.64148559570313,762.9409993489584
2021-01-29,131.34288024902344,793.530029296875,131.77684961954753,768.2836669921875
2021-02-01,133.51268005371094,839.8099975585938,131.98686243693035,775.5183329264323
2021-02-02,134.3587188720703,872.7899780273438,132.1955487569173,782.747998046875
2021-02-03,133.3136444091797,854.6900024414062,132.43708089192708,788.0709981282552
2021-02-04,136.74749755859375,849.989990234375,132.7409866333008,794.7419982910156
2021-02-05,136.32383728027344,852.22998046875,132.90967254638673,801.8049967447917
2021-02-08,136.47337341308594,863.4199829101562,133.1138661702474,809.0529968261719
2021-02-09,135.57623291015625,849.4600219726562,133.25464630126953,815.3093302408854
2021-02-10,134.9582061767578,804.8200073242188,133.21822764078777,820.0136637369792
2021-02-11,134.6990509033203,811.6599731445312,133.23355356852213,824.8693298339844
2021-02-12,134.93826293945312,816.1199951171875,133.29500732421874,828.9139953613281
2021-02-16,132.76524353027344,796.219970703125,133.31819966634114,831.9323282877605
2021-02-17,130.4227294921875,798.1500244140625,133.37212982177735,834.2116617838542
2021-02-18,129.29632568359375,787.3800048828125,133.3354298909505,835.9539957682292
2021-02-19,129.45582580566406,781.2999877929688,133.45035883585612,836.7979960123698
2021-02-22,125.5981674194336,714.5,133.29337259928386,833.413330078125
2021-02-23,125.45861053466797,698.8400268554688,133.09424413045247,827.3739969889323
2021-02-24,124.95023345947266,742.02001953125,132.980024210612,825.0683308919271
2021-02-25,120.60414123535156,682.219970703125,132.7269068400065,819.4943298339844
2021-02-26,120.87328338623047,675.5,132.4134198506673,813.5306640625
2021-03-01,127.38246154785156,718.4299926757812,132.38259607950846,809.3116638183594
2021-03-02,124.7209701538086,686.4400024414062,132.3217809041341,804.6543314615885
2021-03-03,121.67072296142578,653.2000122070312,132.1363983154297,798.2759989420573
2021-03-04,119.74687957763672,621.4400024414062,131.74754206339517,790.6423319498698
2021-03-05,121.03276824951172,597.9500122070312,131.2409703572591,782.407666015625
2021-03-08,115.98890686035156,563.0,130.49327901204427,772.9529988606771
2021-03-09,120.70381927490234,673.5800170898438,129.77501856486003,766.0456665039062
2021-03-10,119.59737396240234,668.0599975585938,129.0119135538737,758.877998860677
2021-03-11,121.571044921875,699.5999755859375,128.35109303792316,753.392665608724
2021-03-12,120.64401245117188,693.72998046875,127.82426350911459,748.6693318684896
2021-03-15,123.59457397460938,707.9400024414062,127.56598663330078,745.8163309733073
2021-03-16,125.1695327758789,676.8800048828125,127.2878817240397,740.385331217448
2021-03-17,124.36212158203125,701.8099975585938,126.95466181437175,734.6859985351563
2021-03-18,120.1456069946289,653.1599731445312,126.51572723388672,727.968330891927
2021-03-19,119.60733032226562,654.8699951171875,125.94438832600912,721.4643310546875
2021-03-22,122.99649047851562,670.0,125.5001434326172,715.3899983723958
2021-03-23,122.14920043945312,662.1599731445312,125.02267100016276,708.6813313802083
2021-03-24,119.7070083618164,630.27001953125,124.49369684855144,701.3749979654948
2021-03-25,120.20541381835938,640.3900146484375,124.00193710327149,695.8939982096355
2021-03-26,120.82344055175781,618.7100219726562,123.5394167582194,689.462333170573
2021-03-29,121.00286102294922,611.2899780273438,123.0749033610026,682.6346659342448
2021-03-30,119.51761627197266,635.6199951171875,122.63331578572591,677.2813334147136
2021-03-31,121.76044464111328,667.9299926757812,122.34457295735677,672.9406656901042
2021-04-01,122.60772705078125,661.75,122.12161966959636,668.752998860677
2021-04-05,125.49848937988281,691.0499877929688,121.98970845540364,665.7446655273437
2021-04-06,125.8074951171875,691.6199951171875,121.99668604532877,664.9819986979167
2021-04-07,127.49210357666016,670.969970703125,122.06446914672851,664.0529968261719
2021-04-08,129.9442596435547,683.7999877929688,122.23093668619792,662.1123291015625
2021-04-09,132.57583618164062,677.02001953125,122.62999318440755,661.9389973958333
2021-04-12,130.8214569091797,701.97998046875,122.96159896850585,662.8216634114583
2021-04-13,134.0012664794922,762.3200073242188,123.18222579956054,664.2846638997396
2021-04-14,131.6089324951172,732.22998046875,123.41182454427083,665.8109965006511
2021-04-15,134.07106018066406,738.8499755859375,123.82516911824544,668.6659952799479
2021-04-16,133.73214721679688,739.780029296875,124.29134470621744,672.6106628417969
2021-04-19,134.4099578857422,714.6300048828125,124.73725102742513,676.4999959309896
2021-04-20,132.6855010986328,718.989990234375,125.29380416870117,681.6996622721355
2021-04-21,133.07423400878906,744.1199951171875,125.70615132649739,684.0509948730469
2021-04-22,131.51922607421875,719.6900024414062,126.10354639689128,685.7719950358073
2021-04-23,133.89163208007812,729.4000244140625,126.51423263549805,686.7653299967448
2021-04-26,134.2903594970703,738.2000122070312,126.96911087036133,688.2476643880208
2021-04-27,133.96139526367188,704.739990234375,127.31467157999674,688.1409973144531
2021-04-28,133.15399169921875,694.4000244140625,127.58082021077475,688.7249979654948
2021-04-29,133.05430603027344,677.0,127.87055969238281,687.897998046875
2021-04-30,131.04075622558594,709.4400024414062,128.2337313334147,689.7739990234375
2021-05-03,132.11729431152344,684.9000244140625,128.65073013305664,690.775
2021-05-04,127.4422607421875,673.5999755859375,128.79892247517904,690.8949991861979
2021-05-05,127.69147491455078,670.9400024414062,128.9836649576823,691.187666829427
2021-05-06,129.32623291015625,663.5399780273438,129.30430577596027,692.2966654459635
2021-05-07,130.0152130126953,672.3699951171875,129.63129908243815,693.3626647949219
2021-05-10,126.66022491455078,629.0399780273438,129.82585856119792,693.7069966634115
2021-05-11,125.72164154052734,617.2000122070312,129.9831512451172,693.9039978027344
2021-05-12,122.58633422851562,589.8900146484375,130.08544184366863,692.3796651204427
2021-05-13,124.78304290771484,571.6900024414062,130.186195119222,689.1716654459635
2021-05-14,127.25933074951172,589.739990234375,130.34124857584635,686.7713317871094
2021-05-17,126.08109283447266,576.8300170898438,130.36066869099935,682.9639994303385
2021-05-18,124.66322326660156,577.8699951171875,130.32252629597983,679.1723327636719
2021-05-19,124.50346374511719,563.4600219726562,130.22290496826173,675.5886678059895
2021-05-20,127.11953735351562,586.780029296875,130.12874755859374,672.3546691894531
2021-05-21,125.24235534667969,580.8800048828125,129.8842981974284,669.1500020345052
2021-05-24,126.90985107421875,606.4400024414062,129.75391133626303,665.9653361002604
2021-05-25,126.71015930175781,604.6900024414062,129.51087443033853,660.7110026041667
2021-05-26,126.66022491455078,619.1300048828125,129.34591751098634,656.9410034179688
2021-05-27,125.09257507324219,630.8499755859375,129.04663467407227,653.3410034179688
2021-05-28,124.423583984375,625.219970703125,128.73634923299153,649.5223347981771
2021-06-01,124.09407043457031,623.9000244140625,128.39248631795246,646.4980021158855
2021-06-02,124.8729019165039,605.1199951171875,128.13206634521484,642.7023356119792
2021-06-03,123.35518646240234,572.8400268554688,127.80809809366862,636.9930033365886
2021-06-04,125.70166778564453,599.0499877929688,127.61417948404947,632.971669514974
2021-06-07,125.71165466308594,605.1300048828125,127.34151357014974,628.829335530599
2021-06-08,126.5503921508789,603.5900268554688,127.08351465861003,624.3423360188802
2021-06-09,126.93981170654297,598.780029296875,126.84946187337239,620.8103373209635
2021-06-10,125.92134094238281,610.1199951171875,126.60837351481119,618.0010030110677
2021-06-11,127.15947723388672,609.8900146484375,126.41187922159831,615.764003499349
2021-06-14,130.2847900390625,617.6900024414062,126.3866803487142,612.7056701660156
2021-06-15,129.44606018066406,599.3599853515625,126.29763921101888,609.854335530599
2021-06-16,129.95529174804688,604.8699951171875,126.3814069112142,607.5633361816406
2021-06-17,131.59283447265625,616.5999755859375,126.5114522298177,605.752001953125
2021-06-18,130.26483154296875,623.3099975585938,126.54273885091146,604.4110026041667
2021-06-21,132.10208129882812,620.8300170898438,126.61230112711588,602.6930033365885
2021-06-22,133.77955627441406,623.7100219726562,126.84961217244467,602.5153381347657
2021-06-23,133.49998474121094,656.5700073242188,127.10889027913412,603.8276713053385
2021-06-24,133.21041870117188,679.8200073242188,127.46302642822266,606.8253377278646
2021-06-25,132.91087341308594,671.8699951171875,127.73395411173503,610.1646708170573
2021-06-28,134.578369140625,688.719970703125,127.97792205810546,613.4640034993489
2021-06-29,136.1260528564453,680.760009765625,128.3127540588379,616.9283365885417
2021-06-30,136.75511169433594,679.7000122070312,128.71581700642903,620.3226704915364
2021-07-01,137.0646514892578,677.9199829101562,129.13452326456706,624.1380025227865
2021-07-02,139.75062561035156,678.9000244140625,129.55555953979493,627.2086690266927
2021-07-06,141.8075408935547,659.5800170898438,130.10773239135742,629.8320027669271
2021-07-07,144.35372924804688,644.6500244140625,130.6891949971517,631.1056701660157
2021-07-08,143.0257110595703,652.8099975585938,131.2330467224121,632.7096700032552
2021-07-09,144.89291381835938,656.9500122070312,131.84080301920574,633.9703369140625
2021-07-12,144.28382873535156,685.7000122070312,132.4805114746094,635.798671468099
2021-07-13,145.422119140625,668.5399780273438,133.1804626464844,637.2426717122396
2021-07-14,148.92686462402344,653.3800048828125,134.0082224527995,638.2253377278646
2021-07-15,148.25787353515625,650.5999755859375,134.78772150675456,639.7413370768229
2021-07-16,146.17098999023438,644.219970703125,135.54824829101562,642.1206685384115
2021-07-19,142.2368927001953,646.219970703125,136.09942245483398,643.6930013020833
2021-07-20,145.9313507080078,660.5,136.77341232299804,645.5386678059896
2021-07-21,145.18247985839844,655.2899780273438,137.3944819132487,647.2619995117187
2021-07-22,146.58038330078125,649.260009765625,138.04916763305664,648.9446655273438
2021-07-23,148.33775329589844,643.3800048828125,138.79638137817383,650.0533325195313
2021-07-26,148.76712036132812,657.6199951171875,139.51663614908855,651.6443318684895
2021-07-27,146.55043029785156,644.780029296875,140.05882415771484,652.5473327636719
2021-07-28,144.7631072998047,646.97998046875,140.56939239501952,654.1346659342448
2021-07-29,145.422119140625,677.3499755859375,141.08495330810547,656.5506652832031
2021-07-30,145.64178466796875,687.2000122070312,141.55325164794922,658.9039998372396
2021-08-02,145.30230712890625,709.6699829101562,142.05450083414715,661.782666015625
2021-08-03,147.13954162597656,709.739990234375,142.55574951171874,664.7463317871094
2021-08-04,146.73016357421875,710.9199829101562,142.98743642171223,667.653330485026
2021-08-05,146.83999633789062,714.6300048828125,143.4321034749349,669.5886637369791
2021-08-06,146.13999938964844,699.0999755859375,143.86308949788412,670.2313293457031
2021-08-09,146.08999633789062,713.760009765625,144.3023935953776,671.6276631673177
2021-08-10,145.60000610351562,709.989990234375,144.66978149414064,672.3366638183594
2021-08-11,145.86000061035156,707.8200073242188,144.99424641927084,673.2386637369792
2021-08-12,148.88999938964844,722.25,145.39874267578125,674.6569966634114
2021-08-13,149.10000610351562,717.1699829101562,145.79992116292317,675.9653299967448
2021-08-16,151.1199951171875,686.1699829101562,146.17890014648438,676.2076619466146
2021-08-17,150.19000244140625,665.7100219726562,146.45831553141275,676.4119954427083
2021-08-18,146.36000061035156,688.989990234375,146.5251912434896,677.8899943033854
2021-08-19,146.6999969482422,673.469970703125,146.64766743977864,678.5786600748698
2021-08-20,148.19000244140625,680.260009765625,146.7575703938802,679.3556599934896
2021-08-23,149.7100067138672,706.2999877929688,146.93844299316407,680.0423258463542
2021-08-24,149.6199951171875,708.489990234375,147.0783721923828,681.3739929199219
2021-08-25,148.36000061035156,711.2000122070312,147.05947672526042,683.3013264973958
2021-08-26,147.5399932861328,701.1599731445312,147.0355473836263,684.986659749349
2021-08-27,148.60000610351562,711.9199829101562,147.11651458740235,687.2433268229166
2021-08-30,153.1199951171875,730.9099731445312,147.47928466796876,690.0663269042968
2021-08-31,151.8300018310547,735.719970703125,147.6759063720703,692.5736592610677
2021-09-01,152.50999450683594,734.0900268554688,147.92015686035157,695.2003275553385
2021-09-02,153.64999389648438,732.3900146484375,148.155810546875,697.9713277180989
2021-09-03,154.3000030517578,733.5700073242188,148.35455220540365,700.9776611328125
2021-09-07,156.69000244140625,752.9199829101562,148.61864827473957,704.1543273925781
2021-09-08,155.11000061035156,753.8699951171875,148.90396728515626,707.7906595865885
2021-09-09,154.07000732421875,754.8599853515625,149.21419728597004,711.386659749349
2021-09-10,148.97000122070312,736.27001953125,149.33246002197265,713.3506612141927
2021-09-13,149.5500030517578,743.0,149.46273396809895,715.2106608072917
2021-09-14,148.1199951171875,744.489990234375,149.55665690104166,716.371327718099
2021-09-15,149.02999877929688,755.8300170898438,149.6196721394857,717.9076619466146
2021-09-16,148.7899932861328,756.989990234375,149.6883331298828,719.4433288574219
2021-09-17,146.05999755859375,759.489990234375,149.6623331705729,720.938661702474
2021-09-20,142.94000244140625,730.1699829101562,149.5556666056315,721.9743286132813
2021-09-21,143.42999267578125,739.3800048828125,149.46699981689454,722.8283284505209
2021-09-22,145.85000610351562,751.9400024414062,149.47533315022787,724.2266621907552
2021-09-23,146.8300018310547,753.6400146484375,149.5076665242513,725.7539957682292
2021-09-24,146.9199981689453,774.3900146484375,149.44199981689454,727.4919962565104
2021-09-27,145.3699951171875,791.3599853515625,149.31766611735026,729.9649963378906
