Date,TSLA,UpperBand,MiddleBand,LowerBand,AAPL,SMA_AAPL,SMA_TSLA
2019-01-02,62.02399826049805,,,,38.382225036621094,,
2019-01-03,60.071998596191406,,,,34.55907440185547,,
2019-01-04,63.53799819946289,,,,36.03437805175781,,
2019-01-07,66.99199676513672,,,,35.95417022705078,,
2019-01-08,67.06999969482422,,,,36.63956832885742,,
2019-01-09,67.70600128173828,,,,37.261775970458984,,
2019-01-10,68.99400329589844,,,,37.38086700439453,,
2019-01-11,69.4520034790039,,,,37.01386260986328,,
2019-01-14,66.87999725341797,,,,36.457279205322266,,
2019-01-15,68.88600158691406,,,,37.20344543457031,,
2019-01-16,69.20999908447266,,,,37.6579475402832,,
2019-01-17,69.46199798583984,,,,37.88154602050781,,
2019-01-18,60.45199966430664,,,,38.1148796081543,,
2019-01-22,59.784000396728516,,,,37.25933837890625,,
2019-01-23,57.518001556396484,,,,37.4100341796875,,
2019-01-24,58.301998138427734,,,,37.1135139465332,,
2019-01-25,59.40800094604492,,,,38.34333801269531,,
2019-01-28,59.2760009765625,,,,37.98849105834961,,
2019-01-29,59.492000579833984,,,,37.59475326538086,,
2019-01-30,61.75400161743164,,,,40.16377639770508,,
2019-01-31,61.40399932861328,,,,40.4530029296875,,
2019-02-01,62.44200134277344,,,,40.472450256347656,,
2019-02-04,62.577999114990234,,,,41.62206268310547,,
2019-02-05,64.2699966430664,,,,42.334197998046875,,
2019-02-06,63.444000244140625,,,,42.348777770996094,,
2019-02-07,61.50199890136719,,,,41.54671859741211,,
2019-02-08,61.15999984741211,,,,41.59553909301758,,
2019-02-11,62.56800079345703,,,,41.356327056884766,,
2019-02-12,62.36199951171875,70.77285720856091,63.48539975484212,56.197942301123334,41.712703704833984,38.60648434956868,63.48539975484212
2019-02-13,61.63399887084961,70.54586547350216,63.32119979858398,56.096534123665805,41.539398193359375,38.71318143208821,63.32119979858398
2019-02-14,60.75400161743164,70.5481853666853,63.278866577148435,56.00954778761156,41.690731048583984,38.823464965820314,63.278866577148435
2019-02-15,61.57600021362305,70.52958159264972,63.32899996439616,56.1284183361426,41.59797668457031,39.05809504191081,63.32899996439616
2019-02-19,61.12799835205078,70.4917777809085,63.24866663614909,56.00555549138968,41.72246551513672,39.24769795735677,63.24866663614909
2019-02-20,60.512001037597656,70.20248391155974,63.032666778564455,55.86284964556917,41.990966796875,39.44892450968425,63.032666778564455
2019-02-21,58.24599838256836,69.9456020321756,62.738533401489256,55.531464770802906,41.75419616699219,39.619412104288735,62.738533401489256
2019-02-22,58.94200134277344,69.53386740240953,62.44640007019043,55.35893273797132,42.22040939331055,39.78469988505046,62.44640007019043
2019-02-25,59.75400161743164,68.85428595016734,62.13840001424153,55.422514078315736,42.5279541015625,39.95626945495606,62.13840001424153
2019-02-26,59.571998596191406,68.00710097359736,61.80906651814779,55.61103206269822,42.55237579345703,40.140886561075845,61.80906651814779
2019-02-27,62.948001861572266,67.60179063385615,61.67800000508626,55.754209376316375,42.68417739868164,40.348449834187825,61.67800000508626
2019-02-28,63.97600173950195,66.87725092613573,61.51433334350586,56.151415760875985,42.26434326171875,40.51714642842611,61.51433334350586
2019-03-01,58.95800018310547,65.7843929900125,61.17260004679362,56.56080710357474,42.708595275878906,40.68550135294596,61.17260004679362
2019-03-04,57.071998596191406,64.45641853175388,60.75960006713867,57.06278160252346,42.923397064208984,40.85356305440267,60.75960006713867
2019-03-05,55.30799865722656,64.77130307018486,60.58813336690267,56.40496366362047,42.84528350830078,41.011243184407554,60.58813336690267
2019-03-06,55.24800109863281,65.03296581794241,60.43693339029948,55.84090096265654,42.59874725341797,41.18922348022461,60.43693339029948
2019-03-07,55.31800079345703,65.20712946098202,60.36360003153483,55.52007060208764,42.10568618774414,41.3457452138265,60.36360003153483
2019-03-08,56.827999114990234,65.26927825145326,60.31446673075358,55.3596552100539,42.205772399902344,41.51548716227214,60.31446673075358
2019-03-11,58.183998107910156,65.2775778523201,60.27366663614909,55.26975541997807,43.66786193847656,41.692971293131514,60.27366663614909
2019-03-12,56.672000885009766,65.3449552731994,60.18686663309733,55.02877799299526,44.15849685668945,41.89863815307617,60.18686663309733
2019-03-13,57.79199981689453,65.35450599328,60.13019994099935,54.90589388871869,44.35377502441406,42.12393887837728,60.13019994099935
2019-03-14,57.992000579833984,65.24774707408694,60.004799906412764,54.761852738738575,44.84682846069336,42.28004061381022,60.004799906412764
2019-03-15,55.08599853515625,65.29656287895874,59.79419987996419,54.29183688096963,45.430206298828125,42.44594739278158,59.79419987996419
2019-03-18,53.89799880981445,65.31044557625914,59.509399795532225,53.70835401480531,45.893978118896484,42.62666498819987,59.509399795532225
2019-03-19,53.49399948120117,65.2773943225258,59.20659980773926,53.13580529295273,45.53028869628906,42.75693918863932,59.20659980773926
2019-03-20,54.720001220703125,64.86444817550782,58.88826662699382,52.91208507847981,45.92815399169922,42.87673772176107,58.88826662699382
2019-03-21,54.80400085449219,64.50279483693807,58.60026664733887,52.69773845773968,47.61970138549805,43.0524351755778,58.60026664733887
2019-03-22,52.90599822998047,64.454747263649,58.31373329162598,52.17271931960296,46.633575439453125,43.2219970703125,58.31373329162598
2019-03-25,52.08399963378906,64.44862127768442,58.011199951171875,51.573778624659326,46.06972885131836,43.37113672892253,58.011199951171875
2019-03-26,53.55400085449219,64.11069925923387,57.710733286539714,51.31076731384556,45.593746185302734,43.512384033203126,57.710733286539714
2019-03-27,54.965999603271484,63.696082051780834,57.464199956258135,51.232317860735435,46.003814697265625,43.65542106628418,57.464199956258135
2019-03-28,55.7239990234375,63.330746390646745,57.2671999613444,51.20365353204206,46.064842224121094,43.8062692006429,57.2671999613444
2019-03-29,55.97200012207031,63.046452624141686,57.10779991149902,51.16914719885636,46.365074157714844,43.96208063761393,57.10779991149902
2019-04-01,57.83599853515625,62.694013749755506,56.983133188883464,51.27225262801142,46.67994689941406,44.13147964477539,56.983133188883464
2019-04-02,57.17599868774414,62.35222229844982,56.85139986673991,51.350577435030004,47.35852813720703,44.319348398844404,56.85139986673991
2019-04-03,58.36199951171875,62.14220375509494,56.779733149210614,51.41726254332629,47.68317413330078,44.50908864339193,56.779733149210614
2019-04-04,53.555999755859375,62.07842815788586,56.623399861653645,51.16837156542143,47.76615524291992,44.70948727925619,56.623399861653645
2019-04-05,54.992000579833984,61.90708751437224,56.491733169555665,51.07637882473909,48.08591842651367,44.90500424702962,56.491733169555665
2019-04-08,54.63999938964844,61.636154014423816,56.321266428629556,51.006378842835296,48.84260177612305,45.115492502848305,56.321266428629556
2019-04-09,54.46200180053711,61.36475366267309,56.150933202107744,50.9371127415424,48.696144104003906,45.32028477986653,56.150933202107744
2019-04-10,55.21200180053711,60.4620346402935,55.893066533406575,51.32409842651965,48.96952438354492,45.52979634602865,55.893066533406575
2019-04-11,53.683998107910156,59.0634276795928,55.54999974568685,52.036571811780895,48.561885833740234,45.73971443176269,55.54999974568685
2019-04-12,53.540000915527344,58.71660669789326,55.36939977010091,52.02219284230856,48.54236602783203,45.9341734568278,55.36939977010091
2019-04-15,53.2760009765625,58.609994123757616,55.24286651611328,51.875738908468946,48.63023376464844,46.12440134684245,55.24286651611328
2019-04-16,54.672000885009766,58.5948900677732,55.22166659037272,51.84844311297224,48.63511657714844,46.317395782470705,55.22166659037272
2019-04-17,54.24599838256836,58.57957976911016,55.18826649983724,51.79695323056432,49.58219528198242,46.55017738342285,55.18826649983724
2019-04-18,54.652000427246094,58.5624078088172,55.16606648763021,51.76972516644322,49.760379791259766,46.80533383687337,55.16606648763021
2019-04-22,52.54999923706055,58.48728428543382,55.02346649169922,51.55964869796461,49.923927307128906,47.062605667114255,55.02346649169922
2019-04-23,52.779998779296875,58.19108864372906,54.84333318074544,51.49557771776182,50.643985748291016,47.295143127441406,54.84333318074544
2019-04-24,51.731998443603516,58.134654934532364,54.67866643269857,51.222677930864776,50.565887451171875,47.50872281392415,54.67866643269857
2019-04-25,49.5260009765625,58.129766696314235,54.403133138020834,50.676499579727434,50.10698699951172,47.70049654642741,54.403133138020834
2019-04-26,47.02799987792969,58.383762422144216,54.037666447957356,49.6915704737705,49.86778259277344,47.86786168416341,54.037666447957356
2019-04-29,48.29399871826172,58.600381010125616,53.81126645406087,49.022151897996125,49.94344711303711,48.018303044637044,53.81126645406087
2019-04-30,47.737998962402344,58.867483454837334,53.6059331258138,48.34438279679026,48.981727600097656,48.12122802734375,53.6059331258138
2019-05-01,46.801998138427734,59.18421773312692,53.38286641438802,47.58151509564912,51.386024475097656,48.316419219970705,53.38286641438802
2019-05-02,48.81999969482422,59.18941070100735,53.18619969685872,47.1829886927101,51.0516242980957,48.48720156351725,53.18619969685872
2019-05-03,51.00600051879883,59.0811634768875,53.05959968566894,47.03803589445039,51.68626403808594,48.62275365193685,53.05959968566894
2019-05-06,51.06800079345703,59.06215471142407,52.9983331044515,46.93451149747892,50.8880729675293,48.764570236206055,52.9983331044515
2019-05-07,49.4119987487793,59.10132902352587,52.9092664082845,46.71720379304313,49.516292572021484,48.879455693562825,52.9092664082845
2019-05-08,48.96799850463867,59.10178285280546,52.756399663289386,46.411016473773316,49.526058197021484,49.010532760620116,52.756399663289386
2019-05-09,48.395999908447266,59.01475595437735,52.53739967346191,46.060043392546476,48.99393844604492,49.11020355224609,52.53739967346191
2019-05-10,47.90399932861328,58.84886258648075,52.276733016967775,45.7046034474548,48.31520462036133,49.185215632120766,52.276733016967775
2019-05-13,45.402000427246094,58.792970036775884,51.92439969380697,45.05582935083805,45.50714874267578,49.15661811828613,51.92439969380697
2019-05-14,46.46200180053711,58.321774606488816,51.545266469319664,44.76875833215051,46.2275390625,49.14153785705567,51.545266469319664
2019-05-15,46.38999938964844,57.873051269726226,51.18573315938314,44.498415049040055,46.78131103515625,49.122297286987305,51.18573315938314
2019-05-16,45.66600036621094,57.18122860244509,50.76253318786621,44.34383777328733,46.57547378540039,49.085373942057295,50.76253318786621
2019-05-17,42.20600128173828,57.40905180707402,50.384199905395505,43.35934800371699,46.310848236083984,49.03686370849609,50.384199905395505
2019-05-20,41.071998596191406,57.48450607431262,49.92019983927409,42.35589360423556,44.862709045410156,48.92942339579265,49.92019983927409
2019-05-21,41.01599884033203,57.46574682068037,49.46606648763021,41.46638615458004,45.72277069091797,48.82542902628581,49.46606648763021
2019-05-22,38.54600143432617,57.621200438873615,48.935533142089845,40.249865845306076,44.7867546081543,48.69511604309082,48.935533142089845
2019-05-23,39.097999572753906,57.45035172957466,48.39839973449707,39.346447739419474,44.02226257324219,48.53020731608073,48.39839973449707
2019-05-24,38.125999450683594,57.43001821953291,47.87979977925618,38.32958133897945,43.85318374633789,48.373250579833986,47.87979977925618
2019-05-28,37.7400016784668,57.32981487107236,47.35313313802083,37.3764514049693,43.6718635559082,48.210900497436526,47.35313313802083
2019-05-29,37.97200012207031,57.11674982082144,46.84299977620443,36.56924973158742,43.463584899902344,48.038678868611655,46.84299977620443
2019-05-30,37.64400100708008,56.637431609187864,46.27539978027344,35.913367951359014,43.68901062011719,47.87380867004394,46.27539978027344
2019-05-31,37.03200149536133,56.14075922006292,45.7015998840332,35.26244054800348,42.89756393432617,47.65098762512207,45.7015998840332
2019-06-03,35.79399871826172,55.551658184892155,45.07299982706706,34.59434146924196,42.4638557434082,47.40777015686035,45.07299982706706
2019-06-04,38.720001220703125,54.950256034301624,44.611999893188475,34.273743752075326,44.017356872558594,47.210884475708006,44.611999893188475
2019-06-05,39.31800079345703,54.20893517705899,44.16326662699382,34.117598076928644,44.72795104980469,47.0136833190918,44.16326662699382
2019-06-06,41.189998626708984,53.50527392707269,43.81186663309733,34.11845933912197,45.38462829589844,46.84097468058268,43.81186663309733
2019-06-07,40.900001525878906,53.03266967548033,43.52433331807455,34.015996960668765,46.59263229370117,46.72382952372233,43.52433331807455
2019-06-10,42.57600021362305,52.799495513178506,43.37593332926432,33.952371145350135,47.18804931640625,46.634505081176755,43.37593332926432
2019-06-11,43.41999816894531,52.45863939250943,43.21346664428711,33.968293896064786,47.734474182128906,46.560872650146486,43.21346664428711
2019-06-12,41.85200119018555,52.11874283869882,43.01726671854655,33.91579059839428,47.58256149291992,46.51423377990723,43.01726671854655
2019-06-13,42.78200149536133,51.87562644252268,42.883266830444335,33.89090721836599,47.57275390625,46.38712476094564,42.883266830444335
2019-06-14,42.98400115966797,51.40728877629457,42.68873354593913,33.97017831558369,47.22726821899414,46.25964622497558,42.68873354593913
2019-06-17,45.00600051879883,50.69516871281788,42.48873354593913,34.28229837906037,47.50904083251953,46.120405451456705,42.48873354593913
2019-06-18,44.948001861572266,49.911769097312884,42.284733581542966,34.65769806577305,48.62638854980469,46.04501597086588,42.284733581542966
2019-06-19,45.2859992980957,49.39454235812991,42.14720026652018,34.89985817491045,48.48427200317383,46.01061528523763,42.14720026652018
2019-06-20,43.92399978637695,48.80758969826221,41.97906697591146,35.1505442535607,48.87387466430664,45.98887583414714,41.97906697591146
2019-06-21,44.37200164794922,48.31254299910697,41.844933700561526,35.377324402016086,48.70724868774414,45.97931950887044,41.844933700561526
2019-06-24,44.72800064086914,47.903354997924154,41.73906707763672,35.57477915734928,48.65824508666992,45.99075419108073,41.73906707763672
2019-06-25,43.95199966430664,47.76140911494788,41.69073371887207,35.620058322796254,47.92070388793945,46.07120602925618,41.69073371887207
2019-06-26,43.854000091552734,47.46993191131642,41.60380032857259,35.737668745828756,48.957183837890625,46.16219418843587,41.60380032857259
2019-06-27,44.56800079345703,47.24516461019652,41.54306704203288,35.840969473869244,48.94248580932617,46.23423334757487,41.54306704203288
2019-06-28,44.69200134277344,47.128903362147724,41.5106004079183,35.89229745368887,48.49652862548828,46.298268508911136,41.5106004079183
2019-07-01,45.433998107910156,47.406718773043025,41.61820030212402,35.82968183120502,49.385986328125,46.40077311197917,41.61820030212402
2019-07-02,44.90999984741211,47.64922546763743,41.746133677164714,35.843041886692,49.67512512207031,46.561186981201175,41.746133677164714
2019-07-03,46.97999954223633,48.13119058374086,41.94493370056152,35.75867681738218,50.0867805480957,46.70665397644043,41.94493370056152
2019-07-05,46.619998931884766,48.48733106485678,42.214066950480145,35.94080283610351,50.042667388916016,46.88185106913249,42.214066950480145
2019-07-08,46.06800079345703,48.75699867044417,42.44640032450358,36.13580197856299,49.01108932495117,47.04814529418945,42.44640032450358
2019-07-09,46.012001037597656,48.9345066752836,42.70926704406738,36.48402741285116,49.310028076171875,47.23004010518392,42.70926704406738
2019-07-10,47.784000396728516,49.24459013497799,43.044067001342775,36.84354386770756,49.79764175415039,47.43423271179199,43.044067001342775
2019-07-11,47.720001220703125,49.493483489942385,43.3690003712972,37.24451725265201,49.43498992919922,47.63327954610189,43.3690003712972
2019-07-12,49.01599884033203,49.81570714983691,43.748066965738936,37.68042678164096,49.814788818359375,47.837472152709964,43.748066965738936
2019-07-15,50.70000076293945,50.238218993336325,44.20366694132487,38.16911488931341,50.282798767089844,48.08364664713542,44.20366694132487
2019-07-16,50.47600173950195,50.28535850981232,44.69306704203288,39.10077557425344,50.10882568359375,48.33847897847493,44.69306704203288
2019-07-17,50.97200012207031,50.678762626881706,45.101467005411784,39.52417138394186,49.8270378112793,48.532135009765625,45.101467005411784
2019-07-18,50.70800018310547,50.98212784487556,45.4811336517334,39.98013945859124,50.393062591552734,48.72097206115723,45.4811336517334
2019-07-19,51.63600158691406,51.51895340474138,45.8293337504069,40.139714096072424,49.64081573486328,48.862844975789386,45.8293337504069
2019-07-22,51.13600158691406,51.86448577996478,46.17053375244141,40.476581724918034,50.77531051635742,49.002267583211264,46.17053375244141
2019-07-23,52.034000396728516,52.3921354441125,46.485800425211586,40.579465406310675,51.17225646972656,49.13507448832194,46.485800425211586
2019-07-24,52.97600173950195,53.036675470508946,46.80433387756348,40.57199228461801,51.13060760498047,49.24827893575033,46.80433387756348
2019-07-25,45.763999938964844,52.90535283411007,46.93473383585612,40.964114837602175,50.72629928588867,49.35307019551595,46.93473383585612
2019-07-26,45.608001708984375,52.82100897107814,47.02893384297689,41.23685871487564,50.90272903442383,49.46406936645508,47.02893384297689
2019-07-29,47.15399932861328,52.761805889215296,47.167933781941734,41.57406167466817,51.37808609008789,49.602429962158205,47.167933781941734
2019-07-30,48.45199966430664,52.835752524642245,47.28280042012533,41.72984831560841,51.157562255859375,49.724047342936196,47.28280042012533
2019-07-31,48.321998596191406,52.890886625194945,47.395266977945965,41.899647330696986,52.20138931274414,49.84321403503418,47.395266977945965
2019-08-01,46.77000045776367,52.89000446603195,47.44473368326823,41.99946290050452,51.071800231933594,49.929464975992836,47.44473368326823
2019-08-02,46.86800003051758,52.83475331961779,47.542867024739586,42.25098072986138,49.991207122802734,49.96670939127604,47.542867024739586
2019-08-05,45.66400146484375,52.79426752792172,47.585933685302734,42.37759984268375,47.37428665161133,49.92227732340495,47.585933685302734
2019-08-06,46.150001525878906,52.76204086335926,47.63333371480306,42.504626566246856,48.27109146118164,49.90937220255534,47.63333371480306
2019-08-07,46.683998107910156,52.68259222409734,47.72440032958984,42.76620843508234,48.77095413208008,49.937713877360025,47.72440032958984
2019-08-08,47.65999984741211,52.59705524605565,47.85126698811849,43.105478730181325,49.846641540527344,49.96736246744792,47.85126698811849
2019-08-09,47.00199890136719,52.53186019147099,47.93240025838216,43.33294032529333,49.43588638305664,49.98380915323893,47.93240025838216
2019-08-12,45.801998138427734,52.48101620893809,47.96940015157064,43.45778409420319,49.310447692871094,50.01093978881836,47.96940015157064
2019-08-13,47.0,52.45014133787764,48.0216002146403,43.593059091402964,51.398658752441406,50.07802886962891,48.0216002146403
2019-08-14,43.92399978637695,52.52254268011558,47.98873354593913,43.454924411762676,49.868778228759766,50.08448397318522,47.98873354593913
2019-08-15,43.12799835205078,52.70842996732263,47.86033350626628,43.01223704520993,49.620357513427734,50.06893653869629,47.86033350626628
2019-08-16,43.987998962402344,52.799274694983424,47.772600173950195,42.745925652916966,50.7911376953125,50.093885548909505,47.772600173950195
2019-08-19,45.36600112915039,52.81379044409398,47.749200185139976,42.68460992618597,51.73809051513672,50.18478558858236,47.749200185139976
2019-08-20,45.172000885009766,52.83296613751578,47.721200180053714,42.609434222591645,51.74054718017578,50.26580289204915,47.721200180053714
2019-08-21,44.16600036621094,52.86906364980027,47.600600179036455,42.33213670827264,52.30134201049805,50.349259567260745,47.600600179036455
2019-08-22,44.43000030517578,52.88046591040316,47.49093348185222,42.101401053301274,52.25707244873047,50.44332898457845,47.49093348185222
2019-08-23,42.279998779296875,52.937008674134724,47.26640014648437,41.59579161883402,49.84172439575195,50.444226837158205,47.26640014648437
2019-08-26,43.0,52.732258903237096,47.00973345438639,41.28720800553569,50.78868103027344,50.461089579264325,47.00973345438639
2019-08-27,42.816001892089844,52.51890353559694,46.75440012613932,40.989896716681706,50.2155876159668,50.46464831034343,46.75440012613932
2019-08-28,43.11800003051758,52.180016939935044,46.49260012308756,40.80518330624008,50.552555084228516,50.48883221944173,46.49260012308756
2019-08-29,44.34199905395508,51.795288382626076,46.280400085449216,40.765511788272356,51.40850067138672,50.5226801554362,46.280400085449216
2019-08-30,45.12200164794922,51.21884573836044,46.06326675415039,40.90768776994034,51.34209060668945,50.579389317830405,46.06326675415039
2019-09-03,45.00199890136719,50.668365620880955,45.8587999979655,41.04923437505004,50.594364166259766,50.57335777282715,45.8587999979655
2019-09-04,44.13600158691406,49.85769348061977,45.59553337097168,41.33337326132359,51.45277404785156,50.58270835876465,45.59553337097168
2019-09-05,45.91600036621094,48.63057199472896,45.36019999186198,42.089827988995005,52.45875930786133,50.62698008219401,45.36019999186198
2019-09-06,45.4900016784668,48.61840588587769,45.351066716512044,42.083727547146395,52.453834533691406,50.6845645904541,45.351066716512044
2019-09-09,46.358001708984375,48.66230959344102,45.37606671651204,42.08982383958306,52.67766571044922,50.74372914632161,45.37606671651204
2019-09-10,47.108001708984375,48.657498093569465,45.37453346252441,42.09156883147936,53.29995346069336,50.80779139200846,45.37453346252441
2019-09-11,49.41999816894531,48.826306441305874,45.4068000793457,41.987293717385526,54.99462127685547,50.935693359375,45.4068000793457
2019-09-12,49.17399978637695,48.96350268670524,45.43520011901855,41.906897551331866,54.87164306640625,51.024701817830405,45.43520011901855
2019-09-13,49.040000915527344,49.24196183241786,45.51086680094401,41.77977176947016,53.804168701171875,51.11578076680501,45.51086680094401
2019-09-16,48.5620002746582,49.42790297285428,45.5673334757487,41.70676397864312,54.0870246887207,51.25230801900228,45.5673334757487
2019-09-17,48.95800018310547,49.72526998237749,45.67713343302409,41.62899688367069,54.28379440307617,51.4826249440511,45.67713343302409
2019-09-18,48.698001861572266,49.950800922936075,45.7620667775472,41.57333263215832,54.79294204711914,51.700019963582356,45.7620667775472
2019-09-19,49.31999969482422,50.219045008762286,45.849933497111,41.48082198545972,54.347747802734375,51.8859130859375,45.849933497111
2019-09-20,48.124000549316406,50.263223583957966,45.86540018717448,41.46757679039099,53.553287506103516,52.009467951456706,45.86540018717448
2019-09-23,48.24599838256836,50.36975359080957,45.90686683654785,41.443980082286124,53.79679489135742,52.15483156840006,45.90686683654785
2019-09-24,44.641998291015625,50.35409255043854,45.86820017496745,41.38230779949636,53.540992736816406,52.29584973653157,45.86820017496745
2019-09-25,45.7400016784668,50.29247044492214,45.82620023091634,41.359930016910546,54.36496353149414,52.3947265625,45.82620023091634
2019-09-26,48.512001037597656,50.48838739654944,45.97913360595703,41.46987981536462,54.084571838378906,52.53525301615397,45.97913360595703
2019-09-27,48.42599868774414,50.61925722798212,46.15573361714681,41.6922100063115,53.821388244628906,52.67528737386068,46.15573361714681
2019-09-30,48.17399978637695,50.74068500428619,46.295266977945964,41.849848951605736,55.08808517456055,52.81851895650228,46.295266977945964
2019-10-01,48.9379997253418,50.94435576515575,46.41433359781901,41.88431143048227,55.24058151245117,52.93526865641276,46.41433359781901
2019-10-02,48.625999450683594,51.10270295635844,46.52946688334147,41.9562308103245,53.85581970214844,53.005777740478514,46.52946688334147
2019-10-03,46.60599899291992,51.09900829772461,46.610800170898436,42.12259204407226,54.31330871582031,53.07284329732259,46.610800170898436
2019-10-04,46.2859992980957,51.089526541663524,46.67266680399577,42.25580706632801,55.835811614990234,53.192134602864584,46.67266680399577
2019-10-07,47.54399871826172,50.96079529903121,46.84813346862793,42.735471638224645,55.84811019897461,53.392347462972005,46.84813346862793
2019-10-08,48.0099983215332,50.88915000684547,47.015133412679035,43.1411168185126,55.19385528564453,53.53918660481771,47.015133412679035
2019-10-09,48.90599822998047,50.8193632657883,47.218133290608726,43.616903315429155,55.840736389160156,53.726691563924156,47.218133290608726
2019-10-10,48.948001861572266,50.725367095660694,47.41246668497721,44.09956627429373,56.59337615966797,53.928052266438804,47.41246668497721
2019-10-11,49.577999114990234,50.78413876534704,47.58700002034505,44.389861275343065,58.09866714477539,54.15105781555176,47.58700002034505
2019-10-14,51.391998291015625,51.137737728365195,47.795999908447264,44.45426208852933,58.015037536621094,54.37348937988281,47.795999908447264
2019-10-15,51.577999114990234,51.4563180382157,48.01519991556803,44.57408179292037,57.87975311279297,54.61633567810058,48.01519991556803
2019-10-16,51.95000076293945,51.68563031677451,48.27566655476888,44.86570279276326,57.64609146118164,54.82277959187825,48.27566655476888
2019-10-17,52.39400100708008,52.09165054181248,48.49159990946452,44.89154927711656,57.86992263793945,55.00315170288086,48.49159990946452
2019-10-18,51.38999938964844,52.255404088798414,48.68826649983724,45.12112891087607,58.147857666015625,55.192952473958336,48.68826649983724
2019-10-21,50.70000076293945,52.362344183240054,48.832999801635744,45.30365542003143,59.15629577636719,55.40890680948893,48.832999801635744
2019-10-22,51.11600112915039,52.52792998746868,48.966599782307945,45.40526957714721,59.021026611328125,55.599609247843425,48.966599782307945
2019-10-23,50.93600082397461,52.64516127809965,49.017133204142254,45.38910513018486,59.81302261352539,55.760222625732425,49.017133204142254
2019-10-24,59.93600082397461,54.718222879756546,49.37586657206217,44.0335102643678,59.91140365600586,55.928214645385744,49.37586657206217
2019-10-25,65.6259994506836,57.835185827316124,49.92873318990072,42.02228055248531,60.649288177490234,56.156385294596355,49.92873318990072
2019-10-28,65.54199981689453,60.16348287823086,50.49473317464193,40.825983471053,61.25680923461914,56.39537811279297,50.49473317464193
2019-10-29,63.24399948120117,61.64498053585463,50.97093315124512,40.29688576663561,59.84007263183594,56.58058738708496,50.97093315124512
2019-10-30,63.00199890136719,62.92103445961051,51.447733052571614,39.97443164553272,59.83269500732422,56.74857915242513,51.447733052571614
2019-10-31,62.98400115966797,64.06658511675464,51.90319976806641,39.73981441937818,61.185482025146484,56.97650362650553,51.90319976806641
2019-11-01,62.6619987487793,65.05815286951749,52.387799708048504,39.717446546579524,62.92197799682617,57.28879330952962,52.387799708048504
2019-11-04,63.49399948120117,66.07421485590875,52.896066411336264,39.71791796676378,63.33519744873047,57.60674006144206,52.896066411336264
2019-11-05,63.444000244140625,66.85857824338964,53.522799809773765,40.18702137615789,63.24419021606445,57.93017997741699,53.522799809773765
2019-11-06,65.31600189208984,67.83576786277519,54.175333150227864,40.514898437680536,63.271244049072266,58.2270559946696,54.175333150227864
2019-11-07,67.10800170898438,69.04632666295731,54.79519983927409,40.54407301559087,64.00147247314453,58.55761934916178,54.79519983927409
2019-11-08,67.4280014038086,70.1717099585872,55.42859992980957,40.685489901031936,64.17664337158203,58.90279452006022,55.42859992980957
2019-11-11,69.01799774169922,71.38885018231703,56.123399861653645,40.857949540990255,64.68484497070312,59.222686513264975,56.123399861653645
2019-11-12,69.98600006103516,72.63018565934084,56.82499987284343,41.01981408634601,64.62561798095703,59.53552106221517,56.82499987284343
2019-11-13,69.22200012207031,73.61888723801135,57.51153322855632,41.40417921910127,65.24484252929688,59.91515515645345,57.51153322855632
2019-11-14,69.87000274658203,74.4594540843912,58.287000020345054,42.11454595629891,64.79338836669922,60.264491144816084,58.287000020345054
2019-11-15,70.43399810791016,75.19866087068907,59.09193331400554,42.98520575732201,65.5630874633789,60.5887336730957,59.09193331400554
2019-11-18,69.99800109863281,75.81738972802867,59.840400060017906,43.86341039200715,65.89366912841797,60.92358563741048,59.840400060017906
2019-11-19,71.90399932861328,76.55759847404853,60.63686676025391,44.71613504645928,65.69384002685547,61.27358512878418,60.63686676025391
2019-11-20,70.44400024414062,77.03547394276531,61.35480016072591,45.67412637868651,64.92906951904297,61.57652956644694,61.35480016072591
2019-11-21,70.96600341796875,77.43545225945684,62.08873354593913,46.742014832421425,64.63796997070312,61.844682693481445,62.08873354593913
2019-11-22,66.60800170898438,77.35629262061967,62.65640029907227,47.956507977524865,64.58121490478516,62.060767618815106,62.65640029907227
2019-11-25,67.26799774169922,77.35895442033548,63.18560028076172,49.01224614118796,65.71356964111328,62.31738535563151,63.18560028076172
2019-11-26,65.78399658203125,77.18401432087481,63.65913352966309,50.13425273845136,65.200439453125,62.56140823364258,63.65913352966309
2019-11-27,66.25800323486328,76.96698986480132,64.13606694539388,51.30514402598643,66.07622528076172,62.84241269429525,64.13606694539388
2019-11-29,65.98799896240234,76.66748937884844,64.58920021057129,52.51091104229413,65.9306869506836,63.111104838053386,64.58920021057129
2019-12-02,66.9739990234375,76.16917326789095,65.10866686503093,54.0481604621709,65.16837310791016,63.34512201944987,65.10866686503093
2019-12-03,67.23999786376953,75.35759345957064,65.66000010172526,55.96240674387988,64.00640869140625,63.50679244995117,65.66000010172526
2019-12-04,66.60600280761719,74.23192274687716,66.17633349100748,58.120744235137806,64.57135772705078,63.691803487141925,66.17633349100748
2019-12-05,66.0739974975586,72.41734327198232,66.68093338012696,60.9445234882716,65.51868438720703,63.881992212931316,66.68093338012696
2019-12-06,67.1780014038086,72.08376383049517,66.92233339945476,61.76090296841435,66.78424072265625,64.11108678181967,66.92233339945476
2019-12-09,67.90599822998047,72.14830508277959,66.99833335876465,61.84836163474973,65.8492660522461,64.28441937764485,66.99833335876465
2019-12-10,69.76799774169922,72.3529177231548,67.13919995625814,61.92548218936148,66.23410034179688,64.45032908121745,67.13919995625814
2019-12-11,70.54000091552734,72.5268451594116,67.38240000406901,62.23795484872644,66.79906463623047,64.68229548136394,67.38240000406901
2019-12-12,71.93599700927734,72.81019873846121,67.68019994099934,62.55020114353748,66.96928405761719,64.92018178304036,67.68019994099934
2019-12-13,71.6780014038086,72.98710761080068,67.96999994913737,62.95289228747407,67.87960052490234,65.14331906636556,67.96999994913737
2019-12-16,76.30000305175781,73.88719417596815,68.42460009256999,62.96200600917183,69.04154968261719,65.34730478922526,68.42460009256999
2019-12-17,75.7979965209961,74.59447151915704,68.83473332722981,63.074995135302586,69.17725372314453,65.5420399983724,68.83473332722981
2019-12-18,78.62999725341797,75.7493591636011,69.34093322753907,62.93250729147704,69.01194763183594,65.7342985788981,69.34093322753907
2019-12-19,80.80799865722656,77.29868491616544,69.85733311971029,62.415981323255146,69.08103942871094,65.92795842488607,69.85733311971029
2019-12-20,81.11799621582031,78.71483486420732,70.32433293660482,61.93383100900231,68.93795776367188,66.0925079345703,70.32433293660482
2019-12-23,83.84400177001953,80.48689422054662,70.87153294881185,61.256171677077084,70.06289672851562,66.28871637980143,70.87153294881185
2019-12-24,85.05000305175781,82.25298930473812,71.4059331258138,60.55887694688948,70.1295166015625,66.47020543416342,71.4059331258138
2019-12-26,86.18800354003906,84.00243907345839,71.94599990844726,59.889560743436135,71.52090454101562,66.70004831949869,71.94599990844726
2019-12-27,86.07599639892578,85.53572360468654,72.50779978434245,59.479875963998374,71.49375915527344,66.90834554036458,72.50779978434245
2019-12-30,82.94000244140625,86.45459621848478,72.94346644083659,59.4323366631884,71.9180908203125,67.1458356221517,72.94346644083659
2019-12-31,83.66600036621094,87.39390535693434,73.38453318277995,59.375161008625554,72.44356536865234,67.3751848856608,73.38453318277995
2020-01-02,86.052001953125,88.5819717266956,73.91966654459635,59.257361362497114,74.09646606445312,67.64861145019532,73.91966654459635
2020-01-03,88.60199737548828,90.03084895143719,74.47626647949218,58.92168400754717,73.37609100341797,67.9046864827474,74.47626647949218
2020-01-06,90.30799865722656,91.61391584652145,75.13839975992839,58.66288367333532,73.96076965332031,68.20574315388997,75.13839975992839
2020-01-07,93.81199645996094,93.60008754969994,75.89993286132812,58.199778172956314,73.61293029785156,68.50490849812826,75.89993286132812
2020-01-08,98.4280014038086,96.06431484572306,76.96059951782226,57.85688418992145,74.79708099365234,68.84543736775716,76.96059951782226
2020-01-09,96.26799774169922,97.88701003262,77.92726618448893,57.96752233635786,76.38582611083984,69.20117925008138,77.92726618448893
2020-01-10,95.62999725341797,99.33183712556244,78.92213287353516,58.51242862150788,76.55850982666016,69.57978159586588,78.92213287353516
2020-01-13,104.97200012207031,102.09844415573023,80.21259943644206,58.32675471715389,78.19414520263672,69.98371225992838,80.21259943644206
2020-01-14,107.58399963378906,104.92753191082042,81.59913279215495,58.270733673489474,77.13826751708984,70.3572982788086,81.59913279215495
2020-01-15,103.69999694824219,106.79887647176031,82.82333272298177,58.84778897420324,76.80769348144531,70.7452756245931,82.82333272298177
2020-01-16,102.697998046875,108.2854451919288,84.00526606241861,59.725086932908425,77.76982879638672,71.20405629475911,84.00526606241861
2020-01-17,102.0999984741211,109.42100564343505,85.18839925130209,60.95579285916912,78.63079833984375,71.67270431518554,85.18839925130209
2020-01-21,109.44000244140625,111.30304159492302,86.63393274943034,61.96482390393767,78.09793090820312,72.09201253255209,86.63393274943034
2020-01-22,113.91200256347656,113.63970476667293,88.19173278808594,62.74376080949896,78.376708984375,72.47842814127604,88.19173278808594
2020-01-23,114.44000244140625,115.72305041640868,89.74286626180013,63.76268210719158,78.75415802001953,72.9085912068685,89.74286626180013
2020-01-24,112.96399688720703,117.36237848546267,91.18273289998372,65.00308731450477,78.52718353271484,73.31836064656575,91.18273289998372
2020-01-27,111.60399627685547,118.56435277955191,92.55153274536133,66.53871271117075,76.21807098388672,73.63232752482097,92.55153274536133
2020-01-28,113.37999725341797,119.82140650610238,93.93299942016601,68.04459233422965,78.3742446899414,74.01249287923177,93.93299942016601
2020-01-29,116.197998046875,121.13586324885037,95.41699930826823,69.69813536768609,80.01480865478516,74.41699981689453,95.41699930826823
2020-01-30,128.16200256347656,124.41737808069023,97.14573262532552,69.87408716996082,79.89884948730469,74.77890981038412,97.14573262532552
2020-01-31,130.11399841308594,127.50075672358076,98.95626602172851,70.41177531987626,76.35623168945312,75.01820907592773,98.95626602172851
2020-02-03,156.0,135.696067744559,101.53526611328125,67.37446448200349,76.14653015136719,75.25602849324544,101.53526611328125
2020-02-04,177.41200256347656,147.60207893961336,104.75539957682291,61.908720214032456,78.66041564941406,75.57534103393554,104.75539957682291
2020-02-05,146.94000244140625,151.43943609342486,106.94946645100912,62.459496808593364,79.30183410644531,75.92080357869466,106.94946645100912
2020-02-06,149.79200744628906,155.33839613909453,109.14773330688476,62.957070474674985,80.22943115234375,76.25968805948894,109.14773330688476
2020-02-07,149.61399841308594,158.79681051110944,111.2998664855957,63.80292246008195,79.13890075683594,76.56000086466472,111.2998664855957
2020-02-10,154.25599670410156,162.53120616026942,113.56879959106445,64.60639302185947,79.51476287841797,76.82646280924479,113.56879959106445
2020-02-11,154.87600708007812,165.89216320742503,115.8621332804362,65.83210335344735,79.0350341796875,77.07783864339193,115.8621332804362
2020-02-12,153.45799255371094,168.46058740575572,118.21273295084636,67.964878495937,80.91193389892578,77.37763341267903,118.21273295084636
2020-02-13,160.8000030517578,171.58836566256497,120.78386637369792,69.97936708483087,80.33576202392578,77.64070663452148,120.78386637369792
2020-02-14,160.00599670410156,174.2496469355567,123.2489995320638,72.2483521285709,80.35553741455078,77.8493423461914,123.2489995320638
2020-02-18,171.67999267578125,178.20137505276244,126.01826604207356,73.83515703138468,78.88419342041016,78.03294576009115,126.01826604207356
2020-02-19,183.48399353027344,183.4819236795299,129.1241325378418,74.7663413961537,80.02664947509766,78.23514175415039,129.1241325378418
2020-02-20,179.8820037841797,187.66269430420766,131.9931327819824,76.32357125975716,79.20565795898438,78.42156600952148,131.9931327819824
2020-02-21,180.1999969482422,191.54332744486388,134.71886596679687,77.89440448872986,77.41282653808594,78.50875752766927,134.71886596679687
2020-02-24,166.75799560546875,193.16375426546068,137.06853256225585,80.97331085905103,73.73568725585938,78.42041956583658,137.06853256225585
2020-02-25,159.98199462890625,193.7050534573246,139.2135991414388,84.72214482555303,71.23809814453125,78.24307250976562,139.2135991414388
2020-02-26,155.75999450683594,194.1796710700596,140.90653228759766,87.6333935051357,72.36820983886719,78.04887466430664,140.90653228759766
2020-02-27,135.8000030517578,193.7114430169316,141.8470657348633,89.98268845279497,67.63762664794922,77.73218663533528,141.8470657348633
2020-02-28,133.59800720214844,192.85353706743211,142.84366607666016,92.8337950858882,67.59806823730469,77.42519912719726,142.84366607666016
2020-03-02,148.7239990234375,192.14074505044726,144.37786610921225,96.61498716797723,73.8914794921875,77.2959208170573,144.37786610921225
2020-03-03,149.1020050048828,191.0680662995244,145.94459966023763,100.82113302095085,71.54474639892578,77.05971908569336,145.94459966023763
2020-03-04,149.89999389648438,190.34276748211585,147.29326604207355,104.24376460203126,74.86331939697266,76.95189870198568,147.29326604207355
2020-03-05,144.9080047607422,189.57175264195416,148.32646611531575,107.08117958867734,72.43497467041016,76.75384089152018,148.32646611531575
2020-03-06,140.6959991455078,188.60683455884075,149.20166600545247,109.79649745206419,71.47303009033203,76.51113662719726,149.20166600545247
2020-03-09,121.5999984741211,187.94635212088173,149.4895327250163,111.03271332915084,65.82007598876953,76.08756637573242,149.4895327250163
2020-03-10,129.0659942626953,186.70236087985472,150.07159932454428,113.44083776923384,70.56053924560547,75.89898198445638,150.07159932454428
2020-03-11,126.84600067138672,185.64065122152132,150.52046610514324,115.40028098876516,68.10994720458984,75.55683873494466,150.52046610514324
2020-03-12,112.11000061035156,186.06328865289345,150.3841995239258,114.70511039495813,61.38376998901367,74.93580411275228,150.3841995239258
2020-03-13,109.3239974975586,187.57648221403787,149.75626602172852,111.93604982941916,68.7380599975586,74.5637777964274,149.75626602172852
2020-03-16,89.01399993896484,191.55301695408662,148.38626607259116,105.2195151910957,59.89510726928711,74.01507364908854,148.38626607259116
2020-03-17,86.04000091552734,194.5533437321054,146.05426610310872,97.55518847411204,62.52870178222656,73.56114603678385,146.05426610310872
2020-03-18,72.24400329589844,196.38443404633634,142.54866612752278,88.71289820870922,60.99800109863281,72.97239888509115,142.54866612752278
2020-03-19,85.52799987792969,198.05566946821597,140.5015993754069,82.94752928259783,60.5306282043457,72.34669202168783,140.5015993754069
2020-03-20,85.50599670410156,199.0700499560309,138.3587323506673,77.6474147453037,56.687808990478516,71.56197128295898,138.3587323506673
2020-03-23,86.85800170898438,199.5528281257978,136.26686579386393,72.98090346193007,55.48352813720703,70.7734588623047,136.26686579386393
2020-03-24,101.0,198.64143926223636,134.4916659037272,70.34189254521806,61.049930572509766,70.15796445210775,134.4916659037272
2020-03-25,107.8499984741211,197.30269278657482,132.92413228352865,68.54557178048248,60.713626861572266,69.54725087483725,132.92413228352865
2020-03-26,105.63200378417969,195.96374174710445,131.3299326578776,66.69612356865076,63.9085578918457,68.98047167460123,131.3299326578776
2020-03-27,102.87200164794922,193.85672005363136,129.39899927775065,64.94127850186992,61.26259994506836,68.34469960530599,129.39899927775065
2020-03-30,100.4260025024414,191.64726203224745,127.41299947102864,63.17873690980983,63.01090621948242,67.76654523213705,127.41299947102864
2020-03-31,104.80000305175781,187.73816198252592,125.1836664835612,62.62917098459646,62.882320404052734,67.23314946492513,125.1836664835612
2020-04-01,96.31199645996094,181.7526712246817,122.27793324788412,62.803195271086544,59.57363510131836,66.55138231913249,122.27793324788412
2020-04-02,90.89399719238281,175.80012388844818,119.31166636149088,62.82320883453358,60.567726135253906,65.93011792500813,119.31166636149088
2020-04-03,96.00199890136719,168.82680881977188,116.50506642659505,64.18332403341822,59.6972770690918,65.339599609375,116.50506642659505
2020-04-06,103.24800109863281,163.442699685141,114.38806660970052,65.33343353426002,64.90511322021484,65.04524714152018,114.38806660970052
2020-04-07,109.08999633789062,158.75048093658108,112.69166666666666,66.63285239675224,64.15336608886719,64.80908940633138,112.69166666666666
2020-04-08,109.76799774169922,154.3539177158724,111.15860010782878,67.96328249978517,65.79534912109375,64.58999404907226,111.15860010782878
2020-04-09,114.5999984741211,152.6947695543294,110.45193328857422,68.20909702281904,66.27013397216797,64.54441095987956,110.45193328857422
2020-04-13,130.19000244140625,152.3492723476679,110.33833312988281,68.32739391209773,67.57086181640625,64.54350407918294,110.33833312988281
2020-04-14,141.97799682617188,151.36551219929012,110.11346638997396,68.8614205806578,70.98340606689453,64.44656829833984,110.11346638997396
2020-04-15,145.96600341796875,150.87938700506618,110.0089330037435,69.1384790024208,70.33551788330078,64.40626068115235,110.0089330037435
2020-04-16,149.04200744628906,150.74014160071712,109.98033345540365,69.22052531009018,70.89437866210938,64.2739626566569,109.98033345540365
2020-04-17,150.7779998779297,151.65462658653922,110.17599995930989,68.69737333208057,69.93244171142578,64.19054489135742,110.17599995930989
2020-04-20,149.27200317382812,152.88536500324147,110.46186676025391,68.03836851726636,68.48087310791016,64.09080632527669,110.46186676025391
2020-04-21,137.343994140625,154.3279131315859,110.98666661580404,67.64542010002219,66.36410522460938,64.10894063313802,110.98666661580404
2020-04-22,146.4219970703125,156.29734642544423,111.56520004272461,66.83305366000499,68.27561950683594,64.0327766418457,111.56520004272461
2020-04-23,141.12600708007812,157.70778623016977,112.04120025634765,66.37461428252553,68.01103210449219,64.02947947184245,112.04120025634765
2020-04-24,145.02999877929688,160.31608460818347,113.13853352864584,65.96098244910822,69.97447967529297,64.31583646138509,113.13853352864584
2020-04-27,159.75,164.84103383128755,114.81940027872722,64.79776672616688,70.02393341064453,64.35869890848795,114.81940027872722
2020-04-28,153.82400512695312,167.94594214755688,116.97973378499348,66.01352542243009,68.88888549804688,64.65849151611329,116.97973378499348
2020-04-29,160.1020050048828,171.34719147559937,119.44846725463867,67.54974303367797,71.15155792236328,64.94592005411783,119.44846725463867
2020-04-30,156.37600708007812,172.7180683231141,122.252867380778,71.78766643844192,72.65258026123047,65.33440602620443,122.252867380778
2020-05-01,140.26400756835938,173.03498994879337,124.07740097045898,75.1198119921246,71.48292541503906,65.69948259989421,124.07740097045898
2020-05-04,152.23800659179688,174.0974345264987,126.30180130004882,78.50616807359896,72.49432373046875,66.22636642456055,126.30180130004882
2020-05-05,153.64199829101562,174.9695424996349,128.52793451944987,82.08632653926483,73.5823745727539,66.82966130574545,128.52793451944987
2020-05-06,156.51600646972656,176.7091388291043,130.37846806844075,84.04779730777722,74.34154510498047,67.27271512349446,130.37846806844075
2020-05-07,156.00799560546875,178.4179421666713,131.98373463948568,85.54952711230003,75.11061096191406,67.75261459350585,131.98373463948568
2020-05-08,163.88400268554688,180.66035248233592,133.92546793619792,87.19058339005991,76.89836120605469,68.18560803731283,133.92546793619792
2020-05-11,162.25799560546875,182.23998218686285,135.90500106811524,89.57001994936763,78.1083755493164,68.74713389078777,135.90500106811524
2020-05-12,161.8820037841797,183.25567453440584,137.9535344441732,92.65139435394055,77.21574401855469,69.22062848409017,137.9535344441732
2020-05-13,158.19200134277344,183.86571173206926,139.73326772054037,95.60082370901148,76.28343963623047,69.66733245849609,139.73326772054037
2020-05-14,160.66600036621094,183.5473651405946,141.87840118408204,100.20943722756948,76.7520751953125,70.2399471282959,141.87840118408204
2020-05-15,159.83399963378906,181.7473814019921,144.17640126546223,106.60542112893236,76.29830932617188,70.7642999013265,144.17640126546223
2020-05-18,162.7259979248047,179.98972040145628,146.4005345662435,112.81134873103069,78.09598541259766,71.37759017944336,146.4005345662435
2020-05-19,161.6020050048828,178.2726631370737,148.34566802978514,118.4186729224966,77.64471435546875,71.80224355061848,148.34566802978514
2020-05-20,163.11199951171875,176.72194242678393,150.14640146891276,123.57086051104157,79.1547622680664,72.30229008992514,150.14640146891276
2020-05-21,165.52000427246094,174.51189083219344,152.00480168660482,129.4977125410162,78.56462097167969,72.72793248494466,152.00480168660482
2020-05-22,163.37600708007812,171.70514298666365,153.63066864013672,135.5561942936098,79.07044982910156,73.15460968017578,153.63066864013672
2020-05-26,163.7740020751953,170.9405682119935,154.75013529459636,138.55970237719922,78.53486633300781,73.52007649739583,154.75013529459636
2020-05-27,164.04600524902344,171.28880839620257,155.48573557535806,139.68266275451356,78.87704467773438,73.78319778442383,155.48573557535806
2020-05-28,161.16200256347656,171.51397736117602,155.99226888020834,140.47056039924067,78.91175842285156,74.06907246907552,155.99226888020834
2020-05-29,167.0,172.3771078581168,156.5908686319987,140.80462940588058,78.83489227294922,74.33375625610351,156.5908686319987
2020-06-01,179.6199951171875,175.20772145778895,157.5522684733073,139.89681548882564,79.80439758300781,74.66282145182292,157.5522684733073
2020-06-02,176.31199645996094,177.06132474690583,158.45360158284504,139.84587841878425,80.1738510131836,75.05258738199869,158.45360158284504
2020-06-03,176.5919952392578,177.757772098537,159.76186828613282,141.76596447372864,80.6152114868164,75.5276242574056,159.76186828613282
2020-06-04,172.87600708007812,178.5307047916069,160.64366861979167,142.75663244797644,79.92093658447266,75.91580149332682,160.64366861979167
2020-06-05,177.1320037841797,179.15400875128037,161.8438685099284,144.53372826857643,82.19717407226562,76.3886728922526,161.8438685099284
2020-06-08,189.98399353027344,182.2776830042537,163.34233500162762,144.40698699900153,82.68315124511719,76.8122952779134,163.34233500162762
2020-06-09,188.13400268554688,185.14982789448243,164.28846842447916,143.4271089544759,85.29412841796875,77.32130177815755,164.28846842447916
2020-06-10,205.00999450683594,191.09546903893332,165.99466807047526,140.8938671020172,87.488525390625,77.94128977457682,165.99466807047526
2020-06-11,194.5679931640625,194.14351258196754,167.1435343424479,140.14355610292827,83.28816223144531,78.34584325154623,167.1435343424479
2020-06-12,187.05599975585938,195.77461113609223,168.16620076497395,140.55779039385567,84.00724029541016,78.72433191935221,168.16620076497395
2020-06-15,198.17999267578125,197.73045462724025,170.09673360188802,142.4630125765358,85.0461654663086,79.1764399210612,170.09673360188802
2020-06-16,196.42599487304688,199.93955423760644,171.56966654459634,143.19977885158625,87.30007934570312,79.66996510823567,171.56966654459634
2020-06-17,198.35800170898438,202.1942393524941,173.060199991862,143.9261606312299,87.1785888671875,80.12317225138347,173.060199991862
2020-06-18,200.79200744628906,204.6379806966217,174.53606669108072,144.43415268553974,87.21330261230469,80.55223083496094,174.53606669108072
2020-06-19,200.17999267578125,206.657494590105,176.0084665934245,145.35943859674398,86.71491241455078,80.93904088338216,176.0084665934245
2020-06-22,198.86399841308594,208.54283250818918,177.17446645100912,145.80610039382907,88.98369598388672,81.34188537597656,177.17446645100912
2020-06-23,200.3560028076172,210.37413226083288,178.44440002441405,146.51466778799522,90.88304138183594,81.76770757039388,178.44440002441405
2020-06-24,192.1699981689453,211.1395566455927,179.4539998372396,147.76844302888648,89.27877807617188,82.16980870564778,179.4539998372396
2020-06-25,197.1959991455078,212.0416266404307,180.75413309733074,149.46663955423077,90.4639892578125,82.64249369303386,180.75413309733074
2020-06-26,191.947998046875,212.41484614336187,181.79686635335287,151.17888656334387,87.68441772460938,83.00690511067708,181.79686635335287
2020-06-29,201.8699951171875,213.5133369453281,183.19806620279948,152.88279546027087,89.70526123046875,83.45380350748698,183.19806620279948
2020-06-30,215.96200561523438,216.49511738199968,184.97259979248048,153.45008220296128,90.45407104492188,83.86573969523111,184.97259979248048
2020-07-01,223.92599487304688,220.30509012482264,187.05006612141926,153.79504211801589,90.28298950195312,84.28701553344726,187.05006612141926
2020-07-02,241.73199462890625,227.09669535273096,189.6707326253255,152.24476989792007,90.28298950195312,84.65795644124348,189.6707326253255
2020-07-06,274.3160095214844,240.47393128042302,193.2972661336263,146.12060098682957,92.69807434082031,85.12907155354817,193.2972661336263
2020-07-07,277.97198486328125,251.92475681589377,197.11713205973308,142.3095073035724,92.41043853759766,85.57373784383138,197.11713205973308
2020-07-08,273.1759948730469,260.54490385622154,200.76386515299478,140.98282644976803,94.56269836425781,86.10799891153971,200.76386515299478
2020-07-09,278.8559875488281,269.00007200323995,204.5908645629883,140.18165712273662,94.96935272216797,86.6444091796875,204.5908645629883
2020-07-10,308.92999267578125,281.98423790830515,209.51646423339844,137.04869055849173,95.1354751586914,87.18519973754883,209.51646423339844
2020-07-13,299.4119873046875,291.45521319365827,213.9301971435547,136.40518109345112,94.69658660888672,87.71392288208008,213.9301971435547
2020-07-14,303.3599853515625,300.828508029996,218.05486348470052,135.28121893940505,96.263671875,88.26256535847982,218.05486348470052
2020-07-15,309.2019958496094,309.939467958307,222.48453013102213,135.02959230373727,96.92571258544922,88.820960744222,222.48453013102213
2020-07-16,300.12799072265625,316.621967558002,226.6023966471354,136.5828257362688,95.73304748535156,89.32488861083985,226.6023966471354
2020-07-17,300.1679992675781,322.32346636892646,230.84546305338543,139.3674597378444,95.53964233398438,89.84551213582357,230.84546305338543
2020-07-20,328.6000061035156,331.5798194584845,235.89439646402994,140.20897346957534,97.55303955078125,90.35737431844076,235.89439646402994
2020-07-21,313.6719970703125,338.06451852262944,240.01732991536457,141.9701413080997,96.20663452148438,90.80815709431967,240.01732991536457
2020-07-22,318.46600341796875,344.35871945188467,244.36172993977866,144.36474042767264,96.4769058227539,91.18091634114583,244.36172993977866
2020-07-23,302.614013671875,348.62523128765514,247.61519724527994,146.60516320290475,92.08562469482422,91.33415298461914,247.61519724527994
2020-07-24,283.3999938964844,350.39357082675,250.57626393636068,150.75895704597133,91.85751342773438,91.61979802449544,250.57626393636068
2020-07-27,307.9200134277344,353.595134811422,254.60506439208984,155.61499397275767,94.03453826904297,91.9540412902832,254.60506439208984
2020-07-28,295.2980041503906,355.58381700511126,257.8423314412435,160.10084587737578,92.48979949951172,92.20216242472331,257.8423314412435
2020-07-29,299.8219909667969,357.40300004914263,261.2888646443685,165.1747292395944,94.26265716552734,92.43424835205079,261.2888646443685
2020-07-30,297.49798583984375,358.6202185425519,264.5935307820638,170.56684302157564,95.40326690673828,92.70840428670247,264.5935307820638
2020-07-31,286.1520080566406,358.6959303386315,267.43886413574216,176.18179793285282,105.39090728759766,93.31432444254557,267.43886413574216
2020-08-03,297.0,358.9811836009254,270.66619771321615,182.35121182550688,108.04650115966797,94.02537740071615,270.66619771321615
2020-08-04,297.3999938964844,358.5927384176883,273.9507308959961,189.30872337430395,108.7680435180664,94.68485565185547,273.9507308959961
2020-08-05,297.0039978027344,357.6176983006935,277.1723307291667,196.72696315763983,109.16229248046875,95.29416402180989,277.1723307291667
2020-08-06,297.9159851074219,354.9652618117869,280.6971969604492,206.42913210911155,112.97088623046875,96.08390096028646,280.6971969604492
2020-08-07,290.5419921875,351.338586900651,283.80873006184896,216.2788732230469,110.40241241455078,96.74851506551107,283.80873006184896
2020-08-10,283.7139892578125,345.1577061966915,286.8675964355469,228.57748667440228,112.00709533691406,97.55927098592123,286.8675964355469
2020-08-11,274.87799072265625,338.59556768866196,289.3011962890625,240.00682488946302,108.67601013183594,98.19162928263346,289.3011962890625
2020-08-12,310.9519958496094,334.1230422238015,292.467529296875,250.8120163699485,112.28778076171875,98.91941960652669,292.467529296875
2020-08-13,324.20001220703125,330.42735074623033,295.80999654134115,261.19264233645197,114.2750015258789,99.71915334065756,295.80999654134115
2020-08-14,330.1419982910156,329.26693133572076,298.7569966634115,268.2470619911022,114.17316436767578,100.5154925028483,298.7569966634115
2020-08-17,367.12799072265625,339.74798761250383,301.85072937011716,263.9534711277305,113.87507629394531,101.22139256795248,301.85072937011716
2020-08-18,377.4179992675781,350.7464168718065,305.1655965169271,259.5847761620477,114.823974609375,101.96851043701172,305.1655965169271
2020-08-19,375.70599365234375,359.1589932135968,308.58326314290366,258.00753307221055,114.9680404663086,102.64868850708008,308.58326314290366
2020-08-20,400.3659973144531,371.774656240691,312.6335968017578,253.49253736282455,117.51913452148438,103.40034790039063,312.6335968017578
2020-08-21,409.9960021972656,384.66369029673433,316.00246378580727,247.3412372748802,123.57518768310547,104.3483383178711,316.00246378580727
2020-08-24,402.8399963378906,394.5203999146469,319.45006408691404,244.3797282591812,125.05318450927734,105.36022491455078,319.45006408691404
2020-08-25,404.6679992675781,403.5964312908102,322.8269978841146,242.05756447741896,124.02728271484375,106.28567860921224,322.8269978841146
2020-08-26,430.6340026855469,416.22269951818475,326.8747314453125,237.5267633724402,125.71392822265625,107.24528579711914,326.8747314453125
2020-08-27,447.75,430.48148524750485,331.79546508789065,233.10944492827645,124.21110534667969,108.19455439249674,331.79546508789065
2020-08-28,442.67999267578125,442.1615658689028,336.5458648681641,230.93016386742534,124.00989532470703,109.14356282552083,336.5458648681641
2020-08-31,498.32000732421875,462.65105479033286,342.2031982421875,221.75534169404213,128.21533203125,110.16563924153645,342.2031982421875
2020-09-01,475.04998779296875,476.5650427307337,347.58246459960935,218.599886468485,133.32249450683594,111.40283457438152,347.58246459960935
2020-09-02,447.3699951171875,485.21078060686466,351.87926432291664,218.5477480389686,130.5602569580078,112.53894627888998,351.87926432291664
2020-09-03,407.0,488.8142656124262,355.3587972005208,221.90332878861543,120.10748291015625,113.47300821940104,355.3587972005208
2020-09-04,418.32000732421875,492.3989440097838,359.8561309814453,227.31331795310678,120.18697357177734,114.41732355753581,359.8561309814453
2020-09-08,330.2099914550781,492.2157206348369,360.59913024902346,228.98253986321,112.09900665283203,115.01947250366212,360.59913024902346
2020-09-09,366.2799987792969,492.33394029021116,362.96519673665364,233.59645318309612,116.57024383544922,115.8221539815267,362.96519673665364
2020-09-10,371.3399963378906,492.59409988288616,365.34913024902346,238.10416061516077,112.76472473144531,116.43888956705729,365.34913024902346
2020-09-11,372.7200012207031,492.5944199265504,367.8565307617188,243.11864159688713,111.28424072265625,116.96825536092122,367.8565307617188
2020-09-14,419.6199951171875,494.5656204564543,372.305463663737,250.04530687101962,114.62276458740234,117.27598393758139,372.305463663737
2020-09-15,449.760009765625,499.412235978628,377.3974639892578,255.38269199988758,114.80162048339844,117.50115458170573,377.3974639892578
2020-09-16,441.760009765625,502.6006690596363,382.20946451822914,261.818259976822,111.41340637207031,117.58933334350586,382.20946451822914
2020-09-17,423.42999267578125,503.39186057141893,386.4236643473307,269.4554681232425,109.63484954833984,117.60508524576822,386.4236643473307
2020-09-18,442.1499938964844,505.067638252645,391.23146464029946,277.39529102795393,106.15721130371094,117.37796274820964,391.23146464029946
2020-09-21,449.3900146484375,505.8229466632325,396.5263987223307,287.2298507814289,109.37651062011719,117.34376602172851,396.5263987223307
2020-09-22,424.2300109863281,502.51884253843707,401.21026611328125,299.90168968812543,111.09545135498047,117.3133778889974,401.21026611328125
2020-09-23,380.3599853515625,494.9702362737129,404.72633260091146,314.48242892811004,106.43541717529297,117.23869145711264,404.72633260091146
2020-09-24,387.7900085449219,490.85483911866527,407.2875996907552,323.72036026284513,107.52839660644531,117.08004531860351,407.2875996907552
2020-09-25,407.3399963378906,487.72674932051723,410.0589324951172,332.3911156697171,111.56244659423828,116.98962682088217,410.0589324951172
2020-09-28,421.20001220703125,484.9303049081003,413.094199625651,341.2580943432017,114.22532653808594,116.99136555989584,413.094199625651
2020-09-29,419.07000732421875,484.6215701167351,414.8256001790365,345.0296302413379,113.36087799072266,116.97422561645507,414.8256001790365
2020-09-30,429.010009765625,485.10112622415585,416.5453338623047,347.9895415004535,115.06988525390625,116.98242263793945,416.5453338623047
2020-10-01,448.1600036621094,486.69118386646227,418.96046752929686,351.22975119213146,116.04363250732422,117.01827570597331,418.96046752929686
2020-10-02,415.0899963378906,486.848472387377,419.4512674967448,352.05406260611255,112.29772186279297,116.84422861735025,419.4512674967448
2020-10-05,425.67999267578125,487.31307973845395,419.97406717936195,352.63505462026995,115.75547790527344,116.58357162475586,419.97406717936195
2020-10-06,413.9800109863281,487.4247423365266,420.34540100097655,353.2660596654265,112.43682861328125,116.16302642822265,420.34540100097655
2020-10-07,425.29998779296875,487.8780918388646,421.0331339518229,354.1881760647812,114.34455871582031,115.84026896158854,421.0331339518229
2020-10-08,425.9200134277344,487.652071689869,420.8760009765625,354.09993026325606,114.23526000976562,115.45764668782552,420.8760009765625
2020-10-09,434.0,486.6360463537126,420.41766764322915,354.19928893274573,116.22247314453125,115.19135894775391,420.41766764322915
2020-10-12,442.29998779296875,486.6064837767088,420.4050008138021,354.20351785089537,123.60499572753906,115.17786229451498,420.4050008138021
2020-10-13,446.6499938964844,479.1241880941094,418.6826670328776,358.2411459716458,120.32608795166016,114.91488749186198,418.6826670328776
2020-10-14,461.29998779296875,477.13838421069636,418.2243336995443,359.3102831883922,120.4155044555664,114.48465449015299,418.2243336995443
2020-10-15,448.8800048828125,477.29072697964324,418.27466735839846,359.2586077371537,119.93858337402344,114.13059870402019,418.27466735839846
2020-10-16,439.6700134277344,478.71210754877916,419.36366780598956,360.01522806319997,118.25936889648438,114.06899490356446,419.36366780598956
2020-10-19,430.8299865722656,479.2695460025916,419.7806671142578,360.29178822592405,115.23880004882812,113.90405578613282,419.7806671142578
2020-10-20,421.94000244140625,472.15800878235024,422.8383341471354,373.5186595119206,116.75902557373047,114.05938975016277,422.8383341471354
2020-10-21,422.6400146484375,469.3466471162734,424.7170013427734,380.0873555692734,116.12312316894531,114.04448572794597,424.7170013427734
2020-10-22,425.7900085449219,466.5182652257964,426.53200174967446,386.5457382735525,115.01026916503906,114.11933720906576,426.53200174967446
2020-10-23,420.6300048828125,462.87445603053254,428.1290018717448,393.383547712957,114.30481719970703,114.22002309163412,428.1290018717448
2020-10-26,420.2799987792969,462.87570697204444,428.1510019938151,393.42629701558576,114.31474304199219,114.2097557067871,428.1510019938151
2020-10-27,424.67999267578125,461.1137593873633,427.31500142415365,393.516243460944,115.8548355102539,114.24486287434895,427.31500142415365
2020-10-28,406.0199890136719,460.3190107150352,426.12366739908856,391.92832408314194,110.48934173583984,114.21406071980795,426.12366739908856
2020-10-29,410.8299865722656,460.3278592551535,425.70366719563805,391.0794751361226,114.58301544189453,114.37899958292643,425.70366719563805
2020-10-30,388.0400085449219,460.4909529750299,423.9000010172526,387.3090490594752,108.16431427001953,114.44590301513672,423.9000010172526
2020-11-02,400.510009765625,458.52797447283524,422.2706675211588,386.0133605694824,108.07487487792969,114.4025151570638,422.2706675211588
2020-11-03,423.8999938964844,458.5147895369693,422.2596669514974,386.0045443660255,109.73421478271484,114.35714060465494,422.2596669514974
2020-11-04,420.9800109863281,456.3740280084301,423.61366780598956,390.853307603549,114.21538543701172,114.61647288004558,423.61366780598956
2020-11-05,438.0899963378906,455.60249276368586,425.2903340657552,394.9781753678245,118.2693099975586,114.97450332641601,425.2903340657552
2020-11-06,429.95001220703125,455.64954080057544,426.04400126139325,396.43846172221106,118.13495635986328,115.19358698527019,426.04400126139325
2020-11-09,421.260009765625,455.65023963833414,426.04600118001304,396.44176272169193,115.77603149414062,115.245277150472,426.04600118001304
2020-11-10,410.3599853515625,455.79550687510556,425.7556671142578,395.71582735341,115.42766571044922,115.3141700744629,425.7556671142578
2020-11-11,417.1300048828125,455.5303958464649,425.3596669514974,395.1889380565299,118.93120574951172,115.44288075764975,425.3596669514974
2020-11-12,411.760009765625,453.4674902752422,424.1463338216146,394.82517736798695,118.65251159667969,115.52984339396158,424.1463338216146
2020-11-13,408.5,453.61239792334976,423.9266672770182,394.2409366306867,118.70228576660156,115.74332885742187,423.9266672770182
2020-11-16,408.0899963378906,453.5545292450427,423.3403340657552,393.1261388864677,119.73741912841797,115.8760602315267,423.3403340657552
2020-11-17,441.6099853515625,454.95867132531407,424.26133321126304,393.563995097212,118.8316650390625,116.0892214457194,424.26133321126304
2020-11-18,486.6400146484375,464.3095977713087,426.306000773112,388.30240377491526,117.47802734375,116.19367039998373,426.306000773112
2020-11-19,499.2699890136719,474.904807096074,428.7509999593099,382.5971928225458,118.0851821899414,116.32200113932292,428.7509999593099
2020-11-20,489.6099853515625,481.65952043077056,430.6046661376953,379.54981184462,116.79125213623047,116.34096043904623,430.6046661376953
2020-11-23,521.8499755859375,493.83957763984654,433.25633239746094,372.67308715507534,113.31758117675781,115.99804662068685,433.25633239746094
2020-11-24,555.3800048828125,511.5963042644215,436.8806660970052,362.16502792958886,114.63140869140625,115.80822397867838,436.8806660970052
2020-11-25,574.0,529.8189691229693,440.6373331705729,351.45569721817657,115.48738098144531,115.64395319620768,440.6373331705729
2020-11-27,585.760009765625,548.4913957054565,445.2,341.9086042945434,116.04476165771484,115.5141591389974,445.2
2020-11-30,567.5999755859375,561.6688956346372,449.4643320719401,337.2597685092429,118.49327087402344,115.52195587158204,449.4643320719401
2020-12-01,584.760009765625,576.5744825030139,454.5953328450521,332.6161831870903,122.1460952758789,115.75219904581705,454.5953328450521
2020-12-02,568.8200073242188,587.4775969910406,459.4913330078125,331.5050690245844,122.5044174194336,115.94371210734049,459.4913330078125
2020-12-03,593.3800048828125,601.0502716285096,465.182666015625,329.31506040274036,122.36507415771484,116.15177714029947,465.182666015625
2020-12-04,599.0399780273438,614.1663830901668,470.9576649983724,327.74894690657794,121.67829895019531,116.3740447998047,470.9576649983724
2020-12-07,641.760009765625,632.7420261264396,478.3286651611328,323.915304195826,123.17127990722656,116.669593556722,478.3286651611328
2020-12-08,649.8800048828125,650.5538287699155,485.98199869791665,321.41016862591783,123.79833984375,116.98571345011393,485.98199869791665
2020-12-09,604.47998046875,660.2352056104987,491.97533162434894,323.71545763819915,121.21049499511719,117.1642354329427,491.97533162434894
2020-12-10,627.0700073242188,671.223029882942,499.3436655680338,327.46430125312565,122.66366577148438,117.57004623413086,499.3436655680338
2020-12-11,609.989990234375,679.0544367797825,505.9823323567708,332.91022793375924,121.83755493164062,117.81186421712239,505.9823323567708
2020-12-14,639.8300170898438,688.1745222520658,514.3753326416015,340.5761430311373,121.21049499511719,118.24673690795899,514.3753326416015
2020-12-15,633.25,695.6869610448184,522.1333323160808,348.5797035873431,127.28196716308594,118.8869733174642,522.1333323160808
2020-12-16,622.77001953125,701.9928577338703,528.7623331705729,355.5318086072755,127.21229553222656,119.46957600911459,528.7623331705729
2020-12-17,655.9000244140625,710.8623293664688,536.5930002848307,362.3236712031927,128.09812927246094,119.9323341369629,536.5930002848307
2020-12-18,695.0,724.4007602520666,545.1566670735677,365.91257389506893,126.06768035888672,120.19227981567383,545.1566670735677
2020-12-21,649.8599853515625,730.2664641558443,552.4869995117188,374.70753486759315,127.63033294677734,120.50879236857097,552.4869995117188
2020-12-22,640.3400268554688,733.3559071218947,559.7896667480469,386.2234263741991,131.2632598876953,121.02503331502278,559.7896667480469
2020-12-23,645.97998046875,734.6519616188211,567.6436665852865,400.63537155175186,130.34756469726562,121.52236328125,567.6436665852865
2020-12-24,661.77001953125,736.3800801676716,575.7983337402344,415.2165873127972,131.3528289794922,121.93641738891601,575.7983337402344
2020-12-28,663.6900024414062,735.6773430390361,584.1960001627605,432.7146572864848,136.05078125,122.51635971069337,584.1960001627605
2020-12-29,665.989990234375,732.1636547235316,592.7789998372396,453.39434495094747,134.23927307128906,123.03425928751628,592.7789998372396
2020-12-30,694.780029296875,728.4385149307861,602.3353342692058,476.2321536076253,133.09466552734375,123.47950083414713,602.3353342692058
2020-12-31,705.6699829101562,727.6341135683635,611.1373341878256,494.6405548072876,132.06947326660156,123.92076110839844,611.1373341878256
2021-01-04,729.77001953125,733.7783994119891,619.2416676839192,504.70493595584935,128.8048095703125,124.29832051595052,619.2416676839192
2021-01-05,735.1099853515625,739.9853694165927,627.1030008951823,514.2206323737719,130.39732360839844,124.70872522989909,627.1030008951823
2021-01-06,755.97998046875,746.077756521017,635.9820007324219,525.8862449438267,126.0079574584961,125.01594874064128,635.9820007324219
2021-01-07,816.0399780273438,765.4645064300915,645.7883341471354,526.1121618641793,130.30775451660156,125.5822878519694,645.7883341471354
2021-01-08,880.02001953125,798.3115498943373,656.60966796875,514.9077860431628,131.43246459960938,126.1423230489095,656.60966796875
2021-01-11,811.1900024414062,813.1951164293612,664.5160013834635,515.8368863375658,128.37681579589844,126.57197087605795,664.5160013834635
2021-01-12,849.4400024414062,833.0834735898784,673.3053344726562,513.5271953554341,128.19766235351562,126.97706756591796,673.3053344726562
2021-01-13,854.4099731445312,850.3375245215716,682.8656677246094,515.3938109276471,130.27789306640625,127.36988830566406,682.8656677246094
2021-01-14,845.0,864.6516653480953,691.5403340657552,518.4290027834152,128.30715942382812,127.5752571105957,691.5403340657552
2021-01-15,826.1599731445312,873.55850679401,700.1183329264323,526.6781590588547,126.54542541503906,127.70995737711588,700.1183329264323
2021-01-19,844.5499877929688,884.7388838034188,708.4906656901042,532.2424475767895,127.2322006225586,127.87219492594402,708.4906656901042
2021-01-20,850.4500122070312,895.3990038553061,716.8710001627604,538.3429964702148,131.41256713867188,128.19667053222656,716.8710001627604
2021-01-21,844.989990234375,905.6482368541788,723.645332845052,541.6424288359253,136.2299346923828,128.6319590250651,723.645332845052
2021-01-22,846.6400146484375,915.2567176482347,730.2039998372396,545.1512820262445,138.4196319580078,129.1193354288737,730.2039998372396
2021-01-25,880.7999877929688,926.0198984586311,739.4146667480469,552.8094350374627,142.2516326904297,129.82070668538412,739.4146667480469
2021-01-26,883.0900268554688,936.6274969307531,747.9486673990885,559.269837867424,142.4905242919922,130.48160196940105,747.9486673990885
2021-01-27,864.1599731445312,942.3660865565889,756.4210001627604,570.4759137689318,141.39566040039062,131.13353881835937,756.4210001627604
2021-01-28,835.4299926757812,945.7671337088775,762.9409993489584,580.1148649890392,136.44888305664062,131.64148508707683,762.9409993489584
2021-01-29,793.530029296875,944.9000407337251,768.2836669921875,591.6672932506499,131.34288024902344,131.77684885660807,768.2836669921875
2021-02-01,839.8099975585938,945.3502728684751,775.5183329264323,605.6863929843895,133.5126953125,131.9868621826172,775.5183329264323
2021-02-02,872.7899780273438,950.042887452877,782.747998046875,615.4531086408729,134.3587188720703,132.19554850260417,782.747998046875
2021-02-03,854.6900024414062,954.0158729509214,788.0709981282552,622.1261233055889,133.31362915039062,132.43708012898762,788.0709981282552
2021-02-04,849.989990234375,953.8768975996873,794.7419982910156,635.607098982344,136.74749755859375,132.74098561604816,794.7419982910156
2021-02-05,852.22998046875,951.425713773685,801.8049967447917,652.1842797158984,136.3238525390625,132.90967203776043,801.8049967447917
2021-02-08,863.4199829101562,948.4979240192577,809.0529968261719,669.6080696330862,136.47337341308594,133.1138656616211,809.0529968261719
2021-02-09,849.4600219726562,944.2035292029747,815.3093302408854,686.4151312787961,135.57623291015625,133.25464579264323,815.3093302408854
2021-02-10,804.8200073242188,936.0944067102486,820.0136637369792,703.9329207637098,134.95822143554688,133.21822713216145,820.0136637369792
2021-02-11,811.6599731445312,925.9961208896408,824.8693298339844,723.7425387783279,134.6990509033203,133.23355305989583,824.8693298339844
2021-02-12,816.1199951171875,917.8800969101898,828.9139953613281,739.9478938124665,134.9382781982422,133.29500681559244,828.9139953613281
2021-02-16,796.219970703125,909.3651006946747,831.9323282877605,754.4995558808463,132.76524353027344,133.31819915771484,831.9323282877605
2021-02-17,798.1500244140625,903.0273602918963,834.2116617838542,765.395963275812,130.4227294921875,133.37212982177735,834.2116617838542
2021-02-18,787.3800048828125,896.834198016726,835.9539957682292,775.0737935197325,129.2963409423828,133.33543039957684,835.9539957682292
2021-02-19,781.2999877929688,893.7983937488922,836.7979960123698,779.7975982758475,129.455810546875,133.45035883585612,836.7979960123698
2021-02-22,714.5,905.1071844677392,833.413330078125,761.7194756885108,125.59815979003906,133.2933723449707,833.413330078125
2021-02-23,698.8400268554688,911.7490721339094,827.3739969889323,742.9989218439551,125.45861053466797,133.09424387613933,827.3739969889323
2021-02-24,742.02001953125,914.7028084079006,825.0683308919271,735.4338533759535,124.95024108886719,132.9800247192383,825.0683308919271
2021-02-25,682.219970703125,922.2154005042914,819.4943298339844,716.7732591636773,120.60414123535156,132.7269073486328,819.4943298339844
2021-02-26,675.5,927.5981547808955,813.5306640625,699.4631733441046,120.87328338623047,132.4134203592936,813.5306640625
2021-03-01,718.4299926757812,927.6925536010076,809.3116638183594,690.9307740357112,127.38245391845703,132.38259684244792,809.3116638183594
2021-03-02,686.4400024414062,930.7591134459541,804.6543314615885,678.549549477223,124.72097778320312,132.32178192138673,804.6543314615885
2021-03-03,653.2000122070312,934.6061736160393,798.2759989420573,661.9458242680753,121.67073059082031,132.13639958699545,798.2759989420573
2021-03-04,621.4400024414062,939.5024585992693,790.6423319498698,641.7822053004703,119.74687957763672,131.74754333496094,790.6423319498698
2021-03-05,597.9500122070312,945.0268121745669,782.407666015625,619.788519856683,121.03276824951172,131.24097112019857,782.407666015625
2021-03-08,563.0,951.7152646761765,772.9529988606771,594.1907330451777,115.98890686035156,130.49328028361003,772.9529988606771
2021-03-09,673.5800170898438,943.6152911104612,766.0456665039062,588.4760418973513,120.70381927490234,129.77501983642577,766.0456665039062
2021-03-10,668.0599975585938,934.3175733080577,758.877998860677,583.4384244132964,119.59736633300781,129.0119145711263,758.877998860677
2021-03-11,699.5999755859375,925.5823887340357,753.392665608724,581.2029424834122,121.571044921875,128.3510940551758,753.392665608724
2021-03-12,693.72998046875,919.3659329445662,748.6693318684896,577.972730792413,120.64401245117188,127.82426503499349,748.6693318684896
2021-03-15,707.9400024414062,916.2793004888872,745.8163309733073,575.3533614577275,123.59456634521484,127.56598790486653,745.8163309733073
2021-03-16,676.8800048828125,908.8943674803093,740.385331217448,571.8762949545867,125.1695327758789,127.28788248697917,740.385331217448
2021-03-17,701.8099975585938,896.3223429820346,734.6859985351563,573.049654088278,124.36212158203125,126.9546625773112,734.6859985351563
2021-03-18,653.1599731445312,885.8032779945431,727.968330891927,570.133383789311,120.1456069946289,126.51572850545247,727.968330891927
2021-03-19,654.8699951171875,874.6631343048042,721.4643310546875,568.2655278045708,119.60733032226562,125.94438959757487,721.4643310546875
2021-03-22,670.0,861.661912585927,715.3899983723958,569.1180841588646,122.99649047851562,125.50014419555664,715.3899983723958
2021-03-23,662.1599731445312,845.325111351745,708.6813313802083,572.0375514086717,122.14920043945312,125.02267176310221,708.6813313802083
2021-03-24,630.27001953125,830.3528453650988,701.3749979654948,572.3971505658908,119.7070083618164,124.49369761149089,701.3749979654948
2021-03-25,640.3900146484375,820.730796138242,695.8939982096355,571.0572002810289,120.20541381835938,124.00193735758464,695.8939982096355
2021-03-26,618.7100219726562,809.5713456871983,689.462333170573,569.3533206539475,120.82343292236328,123.5394167582194,689.462333170573
2021-03-29,611.2899780273438,796.2812257824849,682.6346659342448,568.9881060860048,121.00286102294922,123.0749028523763,682.6346659342448
2021-03-30,635.6199951171875,783.9368955329658,677.2813334147136,570.6257712964614,119.51761627197266,122.63331527709961,677.2813334147136
2021-03-31,667.9299926757812,769.7074176948151,672.9406656901042,576.1739136853932,121.76044464111328,122.34457244873047,672.9406656901042
2021-04-01,661.75,755.7252582242667,668.752998860677,581.7807394970874,122.60772705078125,122.12161865234376,668.752998860677
2021-04-05,691.0499877929688,742.5909477236384,665.7446655273437,588.8983833310491,125.49848937988281,121.98970794677734,665.7446655273437
2021-04-06,691.6199951171875,740.3169249729685,664.9819986979167,589.6470724228648,125.8074951171875,121.99668579101562,664.9819986979167
2021-04-07,670.969970703125,738.3754759561455,664.0529968261719,589.7305176961984,127.49211120605469,122.06446914672851,664.0529968261719
2021-04-08,683.7999877929688,731.0343459674082,662.1123291015625,593.1903122357169,129.9442596435547,122.23093643188477,662.1123291015625
2021-04-09,677.02001953125,730.6837947584308,661.9389973958333,593.1942000332358,132.57583618164062,122.6299929300944,661.9389973958333
2021-04-12,701.97998046875,732.9071923867962,662.8216634114583,592.7361344361204,130.8214569091797,122.9615987141927,662.8216634114583
2021-04-13,762.3200073242188,740.5152643461007,664.2846638997396,588.0540634533785,134.0012664794922,123.18222579956054,664.2846638997396
2021-04-14,732.22998046875,745.5096787269836,665.8109965006511,586.1123142743186,131.6089324951172,123.41182428995768,665.8109965006511
2021-04-15,738.8499755859375,752.3879355462684,668.6659952799479,584.9440550136273,134.07106018066406,123.82516860961914,668.6659952799479
2021-04-16,739.780029296875,758.1912868046604,672.6106628417969,587.0300388789333,133.73214721679688,124.29134419759114,672.6106628417969
2021-04-19,714.6300048828125,758.6932065022127,676.4999959309896,594.3067853597665,134.40997314453125,124.73725102742513,676.4999959309896
2021-04-20,718.989990234375,753.606994877213,681.6996622721355,609.792329667058,132.6855010986328,125.29380416870117,681.6996622721355
2021-04-21,744.1199951171875,759.2790835832508,684.0509948730469,608.822906162843,133.07423400878906,125.70615132649739,684.0509948730469
2021-04-22,719.6900024414062,761.8158960412729,685.7719950358073,609.7280940303417,131.51922607421875,126.10354665120443,685.7719950358073
2021-04-23,729.4000244140625,764.2702993616971,686.7653299967448,609.2603606317924,133.89163208007812,126.5142328898112,686.7653299967448
2021-04-26,738.2000122070312,767.9000364325636,688.2476643880208,608.5952923434779,134.2903594970703,126.96911112467448,688.2476643880208
2021-04-27,704.739990234375,767.6961103621938,688.1409973144531,608.5858842667124,133.96141052246094,127.31467259724936,688.1409973144531
2021-04-28,694.4000244140625,768.198057431928,688.7249979654948,609.2519384990617,133.15399169921875,127.58082122802735,688.7249979654948
2021-04-29,677.0,767.3255284160872,687.897998046875,608.4704676776629,133.05430603027344,127.87056070963541,687.897998046875
2021-04-30,709.4400024414062,768.4863365091121,689.7739990234375,611.0616615377628,131.04075622558594,128.2337323506673,689.7739990234375
2021-05-03,684.9000244140625,768.4432230985044,690.775,613.1067769014956,132.11729431152344,128.65073115030924,690.775
2021-05-04,673.5999755859375,768.4454949413955,690.8949991861979,613.3445034310002,127.4422607421875,128.79892349243164,690.8949991861979
2021-05-05,670.9400024414062,768.3675657514175,691.187666829427,614.0077679074366,127.69146728515625,128.98366572062176,691.187666829427
2021-05-06,663.5399780273438,766.8549778266058,692.2966654459635,617.7383530653212,129.3262481689453,129.30430704752604,692.2966654459635
2021-05-07,672.3699951171875,765.8064321761439,693.3626647949219,620.9188974136999,130.0152130126953,129.6313003540039,693.3626647949219
2021-05-10,629.0399780273438,764.8140331295427,693.7069966634115,622.5999601972802,126.66022491455078,129.82586008707682,693.7069966634115
2021-05-11,617.2000122070312,764.1238137986522,693.9039978027344,623.6841818068165,125.72164154052734,129.9831527709961,693.9039978027344
2021-05-12,589.8900146484375,769.263426047819,692.3796651204427,615.4959041930664,122.58633422851562,130.08544336954753,692.3796651204427
2021-05-13,571.6900024414062,777.1055918112529,689.1716654459635,601.2377390806741,124.78304290771484,130.18619664510092,689.1716654459635
2021-05-14,589.739990234375,781.2556710851883,686.7713317871094,592.2869924890305,127.25933074951172,130.34125010172525,686.7713317871094
2021-05-17,576.8300170898438,785.3284399907585,682.9639994303385,580.5995588699185,126.08109283447266,130.36067021687825,682.9639994303385
2021-05-18,577.8699951171875,788.1843269552992,679.1723327636719,570.1603385720446,124.66322326660156,130.32252782185873,679.1723327636719
2021-05-19,563.4600219726562,792.2442246512743,675.5886678059895,558.9331109607048,124.50346374511719,130.22290623982747,675.5886678059895
2021-05-20,586.780029296875,793.2235668474714,672.3546691894531,551.4857715314349,127.11953735351562,130.1287488301595,672.3546691894531
2021-05-21,580.8800048828125,794.3737644903402,669.1500020345052,543.9262395786701,125.24235534667969,129.88429946899413,669.1500020345052
2021-05-24,606.4400024414062,792.5396377461348,665.9653361002604,539.391034454386,126.90985107421875,129.75391260782877,665.9653361002604
2021-05-25,604.6900024414062,783.8911454910445,660.7110026041667,537.5308597172888,126.71015930175781,129.5108757019043,660.7110026041667
2021-05-26,619.1300048828125,778.0402659387223,656.9410034179688,535.8417408972152,126.66022491455078,129.34591878255208,656.9410034179688
2021-05-27,630.8499755859375,770.8544621562464,653.3410034179688,535.8275446796911,125.09257507324219,129.04663594563803,653.3410034179688
2021-05-28,625.219970703125,762.9255785906821,649.5223347981771,536.1190910056721,124.423583984375,128.7363505045573,649.5223347981771
2021-06-01,623.9000244140625,757.6107461856467,646.4980021158855,535.3852580461242,124.09407043457031,128.39248708089193,646.4980021158855
2021-06-02,605.1199951171875,751.4038552615168,642.7023356119792,534.0008159624415,124.8729019165039,128.1320671081543,642.7023356119792
2021-06-03,572.8400268554688,741.706873210794,636.9930033365886,532.2791334623831,123.35518646240234,127.80809885660807,636.9930033365886
2021-06-04,599.0499877929688,733.8697726201672,632.971669514974,532.0735664097808,125.70166778564453,127.61418024698894,632.971669514974
2021-06-07,605.1300048828125,723.5676887725659,628.829335530599,534.0909822886321,125.71165466308594,127.3415143330892,628.829335530599
2021-06-08,603.5900268554688,710.2773887503399,624.3423360188802,538.4072832874206,126.5503921508789,127.08351542154948,624.3423360188802
2021-06-09,598.780029296875,701.8055206651811,620.8103373209635,539.8151539767459,126.93981170654297,126.84946212768554,620.8103373209635
2021-06-10,610.1199951171875,694.3019147830381,618.0010030110677,541.7000912390973,125.92134094238281,126.60837376912436,618.0010030110677
2021-06-11,609.8900146484375,688.8835403426209,615.764003499349,542.644466656077,127.15947723388672,126.41187947591146,615.764003499349
2021-06-14,617.6900024414062,677.0447869583284,612.7056701660156,548.3665533737028,130.2847900390625,126.38668060302734,612.7056701660156
2021-06-15,599.3599853515625,668.4701398429638,609.854335530599,551.2385312182341,129.44606018066406,126.29763946533203,609.854335530599
2021-06-16,604.8699951171875,661.1947579996709,607.5633361816406,553.9319143636103,129.95529174804688,126.38140716552735,607.5633361816406
2021-06-17,616.5999755859375,654.1105263606835,605.752001953125,557.3934775455666,131.59283447265625,126.511452738444,605.752001953125
2021-06-18,623.3099975585938,648.3108678657411,604.4110026041667,560.5111373425923,130.26483154296875,126.54273885091146,604.4110026041667
2021-06-21,620.8300170898438,639.2381352580556,602.6930033365885,566.1478714151214,132.10208129882812,126.61230112711588,602.6930033365885
2021-06-22,623.7100219726562,638.5952587794559,602.5153381347657,566.4354174900755,133.77955627441406,126.84961217244467,602.5153381347657
2021-06-23,656.5700073242188,644.5180569199756,603.8276713053385,563.1372856907014,133.49998474121094,127.10889027913412,603.8276713053385
2021-06-24,679.8200073242188,655.4446793552535,606.8253377278646,558.2059961004758,133.21041870117188,127.46302642822266,606.8253377278646
2021-06-25,671.8699951171875,662.3062526328439,610.1646708170573,558.0230890012707,132.91087341308594,127.73395411173503,610.1646708170573
2021-06-28,688.719970703125,672.1357273371301,613.4640034993489,554.7922796615677,134.578369140625,127.97792205810546,613.4640034993489
2021-06-29,680.760009765625,678.7284867742023,616.9283365885417,555.128186402881,136.1260528564453,128.3127540588379,616.9283365885417
2021-06-30,679.7000122070312,684.3159236404815,620.3226704915364,556.3294173425913,136.75511169433594,128.71581700642903,620.3226704915364
2021-07-01,677.9199829101562,687.7628511386048,624.1380025227865,560.5131539069681,137.0646514892578,129.13452326456706,624.1380025227865
2021-07-02,678.9000244140625,692.2023110799666,627.2086690266927,562.2150269734188,139.75062561035156,129.55555953979493,627.2086690266927
2021-07-06,659.5800170898438,693.4730837988187,629.8320027669271,566.1909217350354,141.8075408935547,130.10773239135742,629.8320027669271
2021-07-07,644.6500244140625,694.351355329835,631.1056701660157,567.8599850021964,144.35372924804688,130.6891949971517,631.1056701660157
2021-07-08,652.8099975585938,695.6342079310548,632.7096700032552,569.7851320754555,143.0257110595703,131.2330467224121,632.7096700032552
2021-07-09,656.9500122070312,697.2704048490176,633.9703369140625,570.6702689791074,144.89291381835938,131.84080301920574,633.9703369140625
2021-07-12,685.7000122070312,701.7457997231152,635.798671468099,569.8515432130828,144.28382873535156,132.4805114746094,635.798671468099
2021-07-13,668.5399780273438,704.0909657142122,637.2426717122396,570.394377710267,145.422119140625,133.1804626464844,637.2426717122396
2021-07-14,653.3800048828125,705.1268836913607,638.2253377278646,571.3237917643685,148.92686462402344,134.0082224527995,638.2253377278646
2021-07-15,650.5999755859375,705.6269417000499,639.7413370768229,573.8557324535959,148.25787353515625,134.78772150675456,639.7413370768229
2021-07-16,644.219970703125,703.1466553833188,642.1206685384115,581.0946816935041,146.17098999023438,135.54824829101562,642.1206685384115
2021-07-19,646.219970703125,702.5927317561734,643.6930013020833,584.7932708479932,142.2368927001953,136.09942245483398,643.6930013020833
2021-07-20,660.5,702.9401925520832,645.5386678059896,588.137143059896,145.9313507080078,136.77341232299804,645.5386678059896
2021-07-21,655.2899780273438,702.5892878147143,647.2619995117187,591.9347112087231,145.18247985839844,137.3944819132487,647.2619995117187
2021-07-22,649.260009765625,701.2602029181619,648.9446655273438,596.6291281365257,146.58038330078125,138.04916763305664,648.9446655273438
2021-07-23,643.3800048828125,700.4035751992794,650.0533325195313,599.7030898397832,148.33775329589844,138.79638137817383,650.0533325195313
2021-07-26,657.6199951171875,699.7855490625248,651.6443318684895,603.5031146744543,148.76712036132812,139.51663614908855,651.6443318684895
2021-07-27,644.780029296875,699.0970707384075,652.5473327636719,605.9975947889362,146.55043029785156,140.05882415771484,652.5473327636719
2021-07-28,646.97998046875,696.3690886727009,654.1346659342448,611.9002431957888,144.7631072998047,140.56939239501952,654.1346659342448
2021-07-29,677.3499755859375,695.3921031320916,656.5506652832031,617.7092274343146,145.422119140625,141.08495330810547,656.5506652832031
2021-07-30,687.2000122070312,696.3065114465622,658.9039998372396,621.5014882279169,145.64178466796875,141.55325164794922,658.9039998372396
2021-08-02,709.6699829101562,701.0318860168632,661.782666015625,622.5334460143868,145.30230712890625,142.05450083414715,661.782666015625
2021-08-03,709.739990234375,704.6011442582466,664.7463317871094,624.8915193159722,147.13954162597656,142.55574951171874,664.7463317871094
2021-08-04,710.9199829101562,707.8321867326908,667.653330485026,627.4744742373612,146.73016357421875,142.98743642171223,667.653330485026
2021-08-05,714.6300048828125,712.9155700987064,669.5886637369791,626.2617573752518,146.83999633789062,143.4321034749349,669.5886637369791
2021-08-06,699.0999755859375,714.703047211465,670.2313293457031,625.7596114799412,146.13999938964844,143.86308949788412,670.2313293457031
2021-08-09,713.760009765625,718.7679799868412,671.6276631673177,624.4873463477942,146.08999633789062,144.3023935953776,671.6276631673177
2021-08-10,709.989990234375,721.0959524749728,672.3366638183594,623.577375161746,145.60000610351562,144.66978149414064,672.3366638183594
2021-08-11,707.8200073242188,723.5638973294846,673.2386637369792,622.9134301444739,145.86000061035156,144.99424641927084,673.2386637369792
2021-08-12,722.25,727.9420546447824,674.6569966634114,621.3719386820404,148.88999938964844,145.39874267578125,674.6569966634114
2021-08-13,717.1699829101562,731.3910585201418,675.9653299967448,620.5396014733478,149.10000610351562,145.79992116292317,675.9653299967448
2021-08-16,686.1699829101562,731.7460524336287,676.2076619466146,620.6692714596005,151.1199951171875,146.17890014648438,676.2076619466146
2021-08-17,665.7100219726562,731.7489215594509,676.4119954427083,621.0750693259657,150.19000244140625,146.45831553141275,676.4119954427083
2021-08-18,688.989990234375,732.1119630009081,677.8899943033854,623.6680256058627,146.36000061035156,146.5251912434896,677.8899943033854
2021-08-19,673.469970703125,732.0282833679933,678.5786600748698,625.1290367817464,146.6999969482422,146.64766743977864,678.5786600748698
2021-08-20,680.260009765625,732.1993078467724,679.3556599934896,626.5120121402067,148.19000244140625,146.7575703938802,679.3556599934896
2021-08-23,706.2999877929688,733.726568207359,680.0423258463542,626.3580834853493,149.7100067138672,146.93844299316407,680.0423258463542
2021-08-24,708.489990234375,735.8273363397747,681.3739929199219,626.9206495000691,149.6199951171875,147.0783721923828,681.3739929199219
2021-08-25,711.2000122070312,737.7479231963378,683.3013264973958,628.854729798454,148.36000061035156,147.05947672526042,683.3013264973958
2021-08-26,701.1599731445312,738.4002431082145,684.986659749349,631.5730763904835,147.5399932861328,147.0355473836263,684.986659749349
2021-08-27,711.9199829101562,739.2795785794597,687.2433268229166,635.2070750663736,148.60000610351562,147.11651458740235,687.2433268229166
2021-08-30,730.9099731445312,742.0830762534417,690.0663269042968,638.0495775551519,153.1199951171875,147.47928466796876,690.0663269042968
2021-08-31,735.719970703125,745.8835115530707,692.5736592610677,639.2638069690648,151.8300018310547,147.6759063720703,692.5736592610677
2021-09-01,734.0900268554688,748.6682081785278,695.2003275553385,641.7324469321492,152.50999450683594,147.92015686035157,695.2003275553385
2021-09-02,732.3900146484375,750.2313362752101,697.9713277180989,645.7113191609877,153.64999389648438,148.155810546875,697.9713277180989
2021-09-03,733.5700073242188,750.6421701920312,700.9776611328125,651.3131520735938,154.3000030517578,148.35455220540365,700.9776611328125
2021-09-07,752.9199829101562,754.505901064404,704.1543273925781,653.8027537207522,156.69000244140625,148.61864827473957,704.1543273925781
2021-09-08,753.8699951171875,756.1838550757769,707.7906595865885,659.3974640974001,155.11000061035156,148.90396728515626,707.7906595865885
2021-09-09,754.8599853515625,757.1307398625034,711.386659749349,665.6425796361945,154.07000732421875,149.21419728597004,711.386659749349
2021-09-10,736.27001953125,758.1299319586955,713.3506612141927,668.5713904696898,148.97000122070312,149.33246002197265,713.3506612141927
2021-09-13,743.0,760.1258580207348,715.2106608072917,670.2954635938486,149.5500030517578,149.46273396809895,715.2106608072917
2021-09-14,744.489990234375,762.4386373786688,716.371327718099,670.3040180575292,148.1199951171875,149.55665690104166,716.371327718099
2021-09-15,755.8300170898438,766.0168176788115,717.9076619466146,669.7985062144176,149.02999877929688,149.6196721394857,717.9076619466146
2021-09-16,756.989990234375,769.4653693725547,719.4433288574219,669.421288342289,148.7899932861328,149.6883331298828,719.4433288574219
2021-09-17,759.489990234375,772.9386878819068,720.938661702474,668.9386355230411,146.05999755859375,149.6623331705729,720.938661702474
2021-09-20,730.1699829101562,773.4280376747945,721.9743286132813,670.520619551768,142.94000244140625,149.5556666056315,721.9743286132813
2021-09-21,739.3800048828125,774.5580547620692,722.8283284505209,671.0986021389725,143.42999267578125,149.46699981689454,722.8283284505209
2021-09-22,751.9400024414062,776.7544210730057,724.2266621907552,671.6989033085047,145.85000610351562,149.47533315022787,724.2266621907552
2021-09-23,753.6400146484375,778.9451296686859,725.7539957682292,672.5628618677724,146.8300018310547,149.5076665242513,725.7539957682292
2021-09-24,774.3900146484375,783.4470858878376,727.4919962565104,671.5369066251833,146.9199981689453,149.44199981689454,727.4919962565104
2021-09-27,791.3599853515625,790.265791917854,729.9649963378906,669.6642007579272,145.3699951171875,149.31766611735026,729.9649963378906
